-- phpMyAdmin SQL Dump
-- version 4.1.14
-- http://www.phpmyadmin.net
--
-- Servidor: 127.0.0.1
-- Tiempo de generación: 03-10-2022 a las 23:30:21
-- Versión del servidor: 5.6.17
-- Versión de PHP: 5.5.12

SET SQL_MODE = "NO_AUTO_VALUE_ON_ZERO";
SET time_zone = "+00:00";


/*!40101 SET @OLD_CHARACTER_SET_CLIENT=@@CHARACTER_SET_CLIENT */;
/*!40101 SET @OLD_CHARACTER_SET_RESULTS=@@CHARACTER_SET_RESULTS */;
/*!40101 SET @OLD_COLLATION_CONNECTION=@@COLLATION_CONNECTION */;
/*!40101 SET NAMES utf8 */;

--
-- Base de datos: `valiticket`
--

-- --------------------------------------------------------

--
-- Estructura de tabla para la tabla `comisiones`
--

CREATE TABLE IF NOT EXISTS `comisiones` (
  `id` bigint(20) NOT NULL AUTO_INCREMENT,
  `idevento` bigint(20) NOT NULL,
  `porcentaje` decimal(10,2) NOT NULL,
  PRIMARY KEY (`id`),
  KEY `idevento` (`idevento`)
) ENGINE=MyISAM DEFAULT CHARSET=latin1 AUTO_INCREMENT=1 ;

-- --------------------------------------------------------

--
-- Estructura de tabla para la tabla `cs_admin`
--

CREATE TABLE IF NOT EXISTS `cs_admin` (
  `user` varchar(255) NOT NULL,
  `pass` varchar(255) NOT NULL,
  `controlusuarios` tinyint(4) NOT NULL DEFAULT '0',
  PRIMARY KEY (`user`)
) ENGINE=MyISAM DEFAULT CHARSET=latin1;

--
-- Volcado de datos para la tabla `cs_admin`
--

INSERT INTO `cs_admin` (`user`, `pass`, `controlusuarios`) VALUES
('admin', '8276010939647c425fbadc108ade7e0b', 1),
('diegoarce', '329ee08c68907ffffac36415cbb6a05f', 1),
('test-usuario', '72f2fcfe99726f15225c67e3c21d26c1', 0);

-- --------------------------------------------------------

--
-- Estructura de tabla para la tabla `cupones`
--

CREATE TABLE IF NOT EXISTS `cupones` (
  `id` bigint(20) NOT NULL AUTO_INCREMENT,
  `cupon` varchar(50) NOT NULL,
  `idevento` bigint(20) NOT NULL,
  `porcentaje` decimal(10,2) NOT NULL,
  `caduco` int(11) NOT NULL,
  PRIMARY KEY (`id`),
  KEY `idevento` (`idevento`)
) ENGINE=MyISAM DEFAULT CHARSET=latin1 AUTO_INCREMENT=1 ;

-- --------------------------------------------------------

--
-- Estructura de tabla para la tabla `cupones_aplicados`
--

CREATE TABLE IF NOT EXISTS `cupones_aplicados` (
  `idpersona` int(11) NOT NULL,
  `idcupon` int(11) NOT NULL,
  `idevento` bigint(20) NOT NULL
) ENGINE=MyISAM DEFAULT CHARSET=latin1;

-- --------------------------------------------------------

--
-- Estructura de tabla para la tabla `entradas`
--

CREATE TABLE IF NOT EXISTS `entradas` (
  `id` bigint(20) NOT NULL AUTO_INCREMENT,
  `idp` bigint(20) NOT NULL,
  `uniqueid` varchar(100) NOT NULL,
  `vendida` tinyint(4) NOT NULL,
  `fechagen` varchar(20) NOT NULL,
  `fechaven` varchar(20) NOT NULL,
  `fechaexe` varchar(20) NOT NULL,
  `idpersona` bigint(20) NOT NULL,
  `logpago` varchar(1024) NOT NULL,
  PRIMARY KEY (`id`),
  KEY `idp` (`idp`,`vendida`),
  KEY `idpersona` (`idpersona`)
) ENGINE=MyISAM  DEFAULT CHARSET=latin1 AUTO_INCREMENT=1181 ;

--
-- Volcado de datos para la tabla `entradas`
--

INSERT INTO `entradas` (`id`, `idp`, `uniqueid`, `vendida`, `fechagen`, `fechaven`, `fechaexe`, `idpersona`, `logpago`) VALUES
(1, 98, '62ffb9f6b91bf4.30521961', 0, '2022-08-19 13:27:34', '', '', 0, ''),
(2, 98, '62ffb9f6b99e10.31766569', 0, '2022-08-19 13:27:34', '', '', 0, ''),
(3, 98, '62ffb9f6ba0a10.74484321', 0, '2022-08-19 13:27:34', '', '', 0, ''),
(4, 98, '62ffb9f6ba8242.74894579', 0, '2022-08-19 13:27:34', '', '', 0, ''),
(5, 98, '62ffb9f6bb8172.44973686', 0, '2022-08-19 13:27:34', '', '', 0, ''),
(6, 98, '62ffb9f6bc2855.78237381', 0, '2022-08-19 13:27:34', '', '', 0, ''),
(7, 98, '62ffb9f6bc8cb6.18874125', 0, '2022-08-19 13:27:34', '', '', 0, ''),
(8, 98, '62ffb9f6bcf797.43204793', 0, '2022-08-19 13:27:34', '', '', 0, ''),
(9, 98, '62ffb9f6bd7027.72815309', 0, '2022-08-19 13:27:34', '', '', 0, ''),
(10, 98, '62ffb9f6bdd9b8.80727706', 0, '2022-08-19 13:27:34', '', '', 0, ''),
(11, 98, '62ffb9f6be4383.33889652', 0, '2022-08-19 13:27:34', '', '', 0, ''),
(12, 98, '62ffb9f6beb623.24187213', 0, '2022-08-19 13:27:34', '', '', 0, ''),
(13, 98, '62ffb9f6bf5a02.86948493', 0, '2022-08-19 13:27:34', '', '', 0, ''),
(14, 98, '62ffb9f6bff1b0.26825608', 0, '2022-08-19 13:27:34', '', '', 0, ''),
(15, 98, '62ffb9f6c06a65.44335655', 0, '2022-08-19 13:27:34', '', '', 0, ''),
(16, 98, '62ffb9f6c0d5a5.41709630', 0, '2022-08-19 13:27:34', '', '', 0, ''),
(17, 98, '62ffb9f6c13cb4.53154390', 0, '2022-08-19 13:27:34', '', '', 0, ''),
(18, 98, '62ffb9f6c1a5e8.80290949', 0, '2022-08-19 13:27:34', '', '', 0, ''),
(19, 98, '62ffb9f6c49887.72639041', 0, '2022-08-19 13:27:34', '', '', 0, ''),
(20, 98, '62ffb9f6c52505.26776853', 0, '2022-08-19 13:27:34', '', '', 0, ''),
(21, 98, '62ffb9f6c590b8.80425349', 0, '2022-08-19 13:27:34', '', '', 0, ''),
(22, 98, '62ffb9f6c5e8f9.74303130', 0, '2022-08-19 13:27:34', '', '', 0, ''),
(23, 98, '62ffb9f6c649f1.59648695', 0, '2022-08-19 13:27:34', '', '', 0, ''),
(24, 98, '62ffb9f6c6b1f6.49464706', 0, '2022-08-19 13:27:34', '', '', 0, ''),
(25, 98, '62ffb9f6c77079.92243359', 0, '2022-08-19 13:27:34', '', '', 0, ''),
(26, 98, '62ffb9f6c7f8b3.42294006', 0, '2022-08-19 13:27:34', '', '', 0, ''),
(27, 98, '62ffb9f6c86481.51314489', 0, '2022-08-19 13:27:34', '', '', 0, ''),
(28, 98, '62ffb9f6c8d7f3.34107895', 0, '2022-08-19 13:27:34', '', '', 0, ''),
(29, 98, '62ffb9f6c94629.58346434', 0, '2022-08-19 13:27:34', '', '', 0, ''),
(30, 98, '62ffb9f6cc5ec9.95315783', 0, '2022-08-19 13:27:34', '', '', 0, ''),
(31, 98, '62ffb9f6ccd055.14198991', 0, '2022-08-19 13:27:34', '', '', 0, ''),
(32, 98, '62ffb9f6cd2d18.46872840', 0, '2022-08-19 13:27:34', '', '', 0, ''),
(33, 98, '62ffb9f6cd8920.54266142', 0, '2022-08-19 13:27:34', '', '', 0, ''),
(34, 98, '62ffb9f6cdf830.12965777', 0, '2022-08-19 13:27:34', '', '', 0, ''),
(35, 98, '62ffb9f6ce6d99.30571394', 0, '2022-08-19 13:27:34', '', '', 0, ''),
(36, 98, '62ffb9f6cef540.36599224', 0, '2022-08-19 13:27:34', '', '', 0, ''),
(37, 98, '62ffb9f6cf95a5.70345211', 0, '2022-08-19 13:27:34', '', '', 0, ''),
(38, 98, '62ffb9f6d00331.19360049', 0, '2022-08-19 13:27:34', '', '', 0, ''),
(39, 98, '62ffb9f6d08496.34115413', 0, '2022-08-19 13:27:34', '', '', 0, ''),
(40, 98, '62ffb9f6d0fd49.70531742', 0, '2022-08-19 13:27:34', '', '', 0, ''),
(41, 98, '62ffb9f6d172e2.80454769', 0, '2022-08-19 13:27:34', '', '', 0, ''),
(42, 98, '62ffb9f6d46146.27941510', 0, '2022-08-19 13:27:34', '', '', 0, ''),
(43, 98, '62ffb9f6d4d204.58335333', 0, '2022-08-19 13:27:34', '', '', 0, ''),
(44, 98, '62ffb9f6d53182.69562593', 0, '2022-08-19 13:27:34', '', '', 0, ''),
(45, 98, '62ffb9f6d59483.38809014', 0, '2022-08-19 13:27:34', '', '', 0, ''),
(46, 98, '62ffb9f6d610d1.89491234', 0, '2022-08-19 13:27:34', '', '', 0, ''),
(47, 98, '62ffb9f6d66a77.01469568', 0, '2022-08-19 13:27:34', '', '', 0, ''),
(48, 98, '62ffb9f6d6c252.95611864', 0, '2022-08-19 13:27:34', '', '', 0, ''),
(49, 98, '62ffb9f6d72d80.10000856', 0, '2022-08-19 13:27:34', '', '', 0, ''),
(50, 98, '62ffb9f6d7bc66.84736001', 0, '2022-08-19 13:27:34', '', '', 0, ''),
(51, 98, '62ffb9f6d824c4.38377592', 0, '2022-08-19 13:27:34', '', '', 0, ''),
(52, 98, '62ffb9f6d8b828.51280523', 0, '2022-08-19 13:27:34', '', '', 0, ''),
(53, 98, '62ffb9f6d937e3.81799036', 0, '2022-08-19 13:27:34', '', '', 0, ''),
(54, 98, '62ffb9f6d9d019.25808775', 0, '2022-08-19 13:27:34', '', '', 0, ''),
(55, 98, '62ffb9f6da41b1.04680599', 0, '2022-08-19 13:27:34', '', '', 0, ''),
(56, 98, '62ffb9f6dab064.59102414', 0, '2022-08-19 13:27:34', '', '', 0, ''),
(57, 98, '62ffb9f6db3043.40449191', 0, '2022-08-19 13:27:34', '', '', 0, ''),
(58, 98, '62ffb9f6dbbfa7.89440436', 0, '2022-08-19 13:27:34', '', '', 0, ''),
(59, 98, '62ffb9f6dc1b92.04608621', 0, '2022-08-19 13:27:34', '', '', 0, ''),
(60, 98, '62ffb9f6dc74c8.16237169', 0, '2022-08-19 13:27:34', '', '', 0, ''),
(61, 98, '62ffb9f6dcd349.80604994', 0, '2022-08-19 13:27:34', '', '', 0, ''),
(62, 98, '62ffb9f6dd5745.49327111', 0, '2022-08-19 13:27:34', '', '', 0, ''),
(63, 98, '62ffb9f6ddc393.26043411', 0, '2022-08-19 13:27:34', '', '', 0, ''),
(64, 98, '62ffb9f6de30e2.93018480', 0, '2022-08-19 13:27:34', '', '', 0, ''),
(65, 98, '62ffb9f6dea3e7.39296015', 0, '2022-08-19 13:27:34', '', '', 0, ''),
(66, 98, '62ffb9f6df17a8.73098264', 0, '2022-08-19 13:27:34', '', '', 0, ''),
(67, 98, '62ffb9f6dfac74.98179851', 0, '2022-08-19 13:27:34', '', '', 0, ''),
(68, 98, '62ffb9f6e01a46.78430721', 0, '2022-08-19 13:27:34', '', '', 0, ''),
(69, 98, '62ffb9f6e08527.50978103', 0, '2022-08-19 13:27:34', '', '', 0, ''),
(70, 98, '62ffb9f6e0fe52.20793140', 0, '2022-08-19 13:27:34', '', '', 0, ''),
(71, 98, '62ffb9f6e17a63.51646952', 0, '2022-08-19 13:27:34', '', '', 0, ''),
(72, 98, '62ffb9f6e49e35.32661094', 0, '2022-08-19 13:27:34', '', '', 0, ''),
(73, 98, '62ffb9f6e7c750.09124350', 0, '2022-08-19 13:27:34', '', '', 0, ''),
(74, 98, '62ffb9f6e86040.42097811', 0, '2022-08-19 13:27:34', '', '', 0, ''),
(75, 98, '62ffb9f6e8e896.61287175', 0, '2022-08-19 13:27:34', '', '', 0, ''),
(76, 98, '62ffb9f6e962f4.38723541', 0, '2022-08-19 13:27:34', '', '', 0, ''),
(77, 98, '62ffb9f6e9d7e1.29110222', 0, '2022-08-19 13:27:34', '', '', 0, ''),
(78, 98, '62ffb9f6ea4a22.56297206', 0, '2022-08-19 13:27:34', '', '', 0, ''),
(79, 98, '62ffb9f6eabd10.59222264', 0, '2022-08-19 13:27:34', '', '', 0, ''),
(80, 98, '62ffb9f6eb2f13.33448272', 0, '2022-08-19 13:27:34', '', '', 0, ''),
(81, 98, '62ffb9f6ebc089.16338193', 0, '2022-08-19 13:27:34', '', '', 0, ''),
(82, 98, '62ffb9f6ec4261.03635239', 0, '2022-08-19 13:27:34', '', '', 0, ''),
(83, 98, '62ffb9f6ecf4a2.68831708', 0, '2022-08-19 13:27:34', '', '', 0, ''),
(84, 98, '62ffb9f6ed5a96.66299467', 0, '2022-08-19 13:27:34', '', '', 0, ''),
(85, 98, '62ffb9f6edc510.92591474', 0, '2022-08-19 13:27:34', '', '', 0, ''),
(86, 98, '62ffb9f6ee4506.45073899', 0, '2022-08-19 13:27:34', '', '', 0, ''),
(87, 98, '62ffb9f6eec9b9.30989322', 0, '2022-08-19 13:27:34', '', '', 0, ''),
(88, 98, '62ffb9f6ef2896.67601578', 0, '2022-08-19 13:27:34', '', '', 0, ''),
(89, 98, '62ffb9f6ef9cc4.91995301', 0, '2022-08-19 13:27:34', '', '', 0, ''),
(90, 98, '62ffb9f6f03360.10290145', 0, '2022-08-19 13:27:34', '', '', 0, ''),
(91, 98, '62ffb9f6f0b152.10410027', 0, '2022-08-19 13:27:34', '', '', 0, ''),
(92, 98, '62ffb9f6f12127.82838677', 0, '2022-08-19 13:27:34', '', '', 0, ''),
(93, 98, '62ffb9f6f18ea2.59504017', 0, '2022-08-19 13:27:34', '', '', 0, ''),
(94, 98, '62ffb9f6f1fec4.34650013', 0, '2022-08-19 13:27:34', '', '', 0, ''),
(95, 98, '62ffb9f6f276d6.09396484', 0, '2022-08-19 13:27:34', '', '', 0, ''),
(96, 98, '62ffb9f6f2ed39.50551704', 0, '2022-08-19 13:27:34', '', '', 0, ''),
(97, 98, '62ffb9f6f35bd1.99969061', 0, '2022-08-19 13:27:34', '', '', 0, ''),
(98, 98, '62ffb9f6f3d647.29074423', 0, '2022-08-19 13:27:34', '', '', 0, ''),
(99, 98, '62ffb9f7003170.49561801', 0, '2022-08-19 13:27:35', '', '', 0, ''),
(100, 98, '62ffb9f700a4e3.48922796', 0, '2022-08-19 13:27:35', '', '', 0, ''),
(101, 98, '62ffb9f7011676.65469193', 0, '2022-08-19 13:27:35', '', '', 0, ''),
(102, 98, '62ffb9f701ab22.53432657', 0, '2022-08-19 13:27:35', '', '', 0, ''),
(103, 98, '62ffb9f7021d21.51698046', 0, '2022-08-19 13:27:35', '', '', 0, ''),
(104, 98, '62ffb9f7028918.57315259', 0, '2022-08-19 13:27:35', '', '', 0, ''),
(105, 98, '62ffb9f702faf1.93651923', 0, '2022-08-19 13:27:35', '', '', 0, ''),
(106, 98, '62ffb9f7037142.32183507', 0, '2022-08-19 13:27:35', '', '', 0, ''),
(107, 98, '62ffb9f70424f3.73235687', 0, '2022-08-19 13:27:35', '', '', 0, ''),
(108, 98, '62ffb9f704aeb6.68020846', 0, '2022-08-19 13:27:35', '', '', 0, ''),
(109, 98, '62ffb9f7051fa7.46802091', 0, '2022-08-19 13:27:35', '', '', 0, ''),
(110, 98, '62ffb9f7059583.98858462', 0, '2022-08-19 13:27:35', '', '', 0, ''),
(111, 98, '62ffb9f70608c9.90548693', 0, '2022-08-19 13:27:35', '', '', 0, ''),
(112, 98, '62ffb9f7068659.18165363', 0, '2022-08-19 13:27:35', '', '', 0, ''),
(113, 98, '62ffb9f706edd8.61588969', 0, '2022-08-19 13:27:35', '', '', 0, ''),
(114, 98, '62ffb9f7074505.96297330', 0, '2022-08-19 13:27:35', '', '', 0, ''),
(115, 98, '62ffb9f707b306.57961353', 0, '2022-08-19 13:27:35', '', '', 0, ''),
(116, 98, '62ffb9f70833d4.75273889', 0, '2022-08-19 13:27:35', '', '', 0, ''),
(117, 98, '62ffb9f7088f46.97853148', 0, '2022-08-19 13:27:35', '', '', 0, ''),
(118, 98, '62ffb9f70b7b00.02266879', 0, '2022-08-19 13:27:35', '', '', 0, ''),
(119, 98, '62ffb9f70c2338.02953712', 0, '2022-08-19 13:27:35', '', '', 0, ''),
(120, 98, '62ffb9f70ca299.18051037', 0, '2022-08-19 13:27:35', '', '', 0, ''),
(121, 98, '62ffb9f70d1841.29863799', 0, '2022-08-19 13:27:35', '', '', 0, ''),
(122, 98, '62ffb9f70d8fc7.64639216', 0, '2022-08-19 13:27:35', '', '', 0, ''),
(123, 98, '62ffb9f70e1fe5.77438788', 0, '2022-08-19 13:27:35', '', '', 0, ''),
(124, 98, '62ffb9f70e93a1.56842794', 0, '2022-08-19 13:27:35', '', '', 0, ''),
(125, 98, '62ffb9f70eeab9.97482769', 0, '2022-08-19 13:27:35', '', '', 0, ''),
(126, 98, '62ffb9f711da88.69259747', 0, '2022-08-19 13:27:35', '', '', 0, ''),
(127, 98, '62ffb9f7124fc5.35778707', 0, '2022-08-19 13:27:35', '', '', 0, ''),
(128, 98, '62ffb9f712ba14.53770996', 0, '2022-08-19 13:27:35', '', '', 0, ''),
(129, 98, '62ffb9f7132ce2.31513593', 0, '2022-08-19 13:27:35', '', '', 0, ''),
(130, 98, '62ffb9f713a554.15949722', 0, '2022-08-19 13:27:35', '', '', 0, ''),
(131, 98, '62ffb9f7141a76.40881675', 0, '2022-08-19 13:27:35', '', '', 0, ''),
(132, 98, '62ffb9f714a1f3.58167033', 0, '2022-08-19 13:27:35', '', '', 0, ''),
(133, 98, '62ffb9f7150e70.85124880', 0, '2022-08-19 13:27:35', '', '', 0, ''),
(134, 98, '62ffb9f7159434.54529401', 0, '2022-08-19 13:27:35', '', '', 0, ''),
(135, 98, '62ffb9f715fba9.76896607', 0, '2022-08-19 13:27:35', '', '', 0, ''),
(136, 98, '62ffb9f7165a97.68227292', 0, '2022-08-19 13:27:35', '', '', 0, ''),
(137, 98, '62ffb9f716d123.51562633', 0, '2022-08-19 13:27:35', '', '', 0, ''),
(138, 98, '62ffb9f7174123.62513682', 0, '2022-08-19 13:27:35', '', '', 0, ''),
(139, 98, '62ffb9f717c503.43874178', 0, '2022-08-19 13:27:35', '', '', 0, ''),
(140, 98, '62ffb9f7184637.08485281', 0, '2022-08-19 13:27:35', '', '', 0, ''),
(141, 98, '62ffb9f718af39.80878321', 0, '2022-08-19 13:27:35', '', '', 0, ''),
(142, 98, '62ffb9f7191b81.14109712', 0, '2022-08-19 13:27:35', '', '', 0, ''),
(143, 98, '62ffb9f7198da4.74231481', 0, '2022-08-19 13:27:35', '', '', 0, ''),
(144, 98, '62ffb9f71a03e0.18085535', 0, '2022-08-19 13:27:35', '', '', 0, ''),
(145, 98, '62ffb9f71a6653.55812288', 0, '2022-08-19 13:27:35', '', '', 0, ''),
(146, 98, '62ffb9f71ad1a4.58218273', 0, '2022-08-19 13:27:35', '', '', 0, ''),
(147, 98, '62ffb9f71b4688.13767163', 0, '2022-08-19 13:27:35', '', '', 0, ''),
(148, 98, '62ffb9f71bb3c8.43091456', 0, '2022-08-19 13:27:35', '', '', 0, ''),
(149, 98, '62ffb9f71c3507.39720822', 0, '2022-08-19 13:27:35', '', '', 0, ''),
(150, 98, '62ffb9f71cb5e7.44312538', 0, '2022-08-19 13:27:35', '', '', 0, ''),
(151, 98, '62ffb9f71d21f0.33636394', 0, '2022-08-19 13:27:35', '', '', 0, ''),
(152, 98, '62ffb9f71d9296.87613899', 0, '2022-08-19 13:27:35', '', '', 0, ''),
(153, 98, '62ffb9f71dfc97.44985346', 0, '2022-08-19 13:27:35', '', '', 0, ''),
(154, 98, '62ffb9f71e7f21.18433739', 0, '2022-08-19 13:27:35', '', '', 0, ''),
(155, 98, '62ffb9f71f0fe6.26862401', 0, '2022-08-19 13:27:35', '', '', 0, ''),
(156, 98, '62ffb9f71fadc0.88549269', 0, '2022-08-19 13:27:35', '', '', 0, ''),
(157, 98, '62ffb9f72035c8.12475545', 0, '2022-08-19 13:27:35', '', '', 0, ''),
(158, 98, '62ffb9f720d386.13656419', 0, '2022-08-19 13:27:35', '', '', 0, ''),
(159, 98, '62ffb9f723f071.38641934', 0, '2022-08-19 13:27:35', '', '', 0, ''),
(160, 98, '62ffb9f72476f0.21840171', 0, '2022-08-19 13:27:35', '', '', 0, ''),
(161, 98, '62ffb9f724f2a5.39709131', 0, '2022-08-19 13:27:35', '', '', 0, ''),
(162, 98, '62ffb9f727ee33.05266421', 0, '2022-08-19 13:27:35', '', '', 0, ''),
(163, 98, '62ffb9f7287da4.10031777', 0, '2022-08-19 13:27:35', '', '', 0, ''),
(164, 98, '62ffb9f728fe21.92854306', 0, '2022-08-19 13:27:35', '', '', 0, ''),
(165, 98, '62ffb9f72977d4.79246838', 0, '2022-08-19 13:27:35', '', '', 0, ''),
(166, 98, '62ffb9f729f248.69323326', 0, '2022-08-19 13:27:35', '', '', 0, ''),
(167, 98, '62ffb9f72a5f25.57133883', 0, '2022-08-19 13:27:35', '', '', 0, ''),
(168, 98, '62ffb9f72ab6f9.81593167', 0, '2022-08-19 13:27:35', '', '', 0, ''),
(169, 98, '62ffb9f72d8999.01841643', 0, '2022-08-19 13:27:35', '', '', 0, ''),
(170, 98, '62ffb9f72e0ec2.70573621', 0, '2022-08-19 13:27:35', '', '', 0, ''),
(171, 98, '62ffb9f72e83e9.59935686', 0, '2022-08-19 13:27:35', '', '', 0, ''),
(172, 98, '62ffb9f72eff90.97429469', 0, '2022-08-19 13:27:35', '', '', 0, ''),
(173, 98, '62ffb9f72f7eb1.04047719', 0, '2022-08-19 13:27:35', '', '', 0, ''),
(174, 98, '62ffb9f7300d02.30676758', 0, '2022-08-19 13:27:35', '', '', 0, ''),
(175, 98, '62ffb9f7309d39.03783987', 0, '2022-08-19 13:27:35', '', '', 0, ''),
(176, 98, '62ffb9f73123e6.64946922', 0, '2022-08-19 13:27:35', '', '', 0, ''),
(177, 98, '62ffb9f7319246.55905272', 0, '2022-08-19 13:27:35', '', '', 0, ''),
(178, 98, '62ffb9f7321608.42192101', 0, '2022-08-19 13:27:35', '', '', 0, ''),
(179, 98, '62ffb9f7329fd4.47180504', 0, '2022-08-19 13:27:35', '', '', 0, ''),
(180, 98, '62ffb9f7330c99.62343404', 0, '2022-08-19 13:27:35', '', '', 0, ''),
(181, 98, '62ffb9f7337689.00777780', 0, '2022-08-19 13:27:35', '', '', 0, ''),
(182, 98, '62ffb9f733ec84.53291835', 0, '2022-08-19 13:27:35', '', '', 0, ''),
(183, 98, '62ffb9f7344d65.45987669', 0, '2022-08-19 13:27:35', '', '', 0, ''),
(184, 98, '62ffb9f734d128.10452636', 0, '2022-08-19 13:27:35', '', '', 0, ''),
(185, 98, '62ffb9f73542a4.91653316', 0, '2022-08-19 13:27:35', '', '', 0, ''),
(186, 98, '62ffb9f735b242.99011979', 0, '2022-08-19 13:27:35', '', '', 0, ''),
(187, 98, '62ffb9f7361955.30783831', 0, '2022-08-19 13:27:35', '', '', 0, ''),
(188, 98, '62ffb9f73670e5.24512291', 0, '2022-08-19 13:27:35', '', '', 0, ''),
(189, 98, '62ffb9f736dbc7.95175135', 0, '2022-08-19 13:27:35', '', '', 0, ''),
(190, 98, '62ffb9f7375456.61608755', 0, '2022-08-19 13:27:35', '', '', 0, ''),
(191, 98, '62ffb9f737cdf2.32712665', 0, '2022-08-19 13:27:35', '', '', 0, ''),
(192, 98, '62ffb9f7383985.90069371', 0, '2022-08-19 13:27:35', '', '', 0, ''),
(193, 98, '62ffb9f7389889.59821149', 0, '2022-08-19 13:27:35', '', '', 0, ''),
(194, 98, '62ffb9f7391ae1.08415220', 0, '2022-08-19 13:27:35', '', '', 0, ''),
(195, 98, '62ffb9f7399176.54995323', 0, '2022-08-19 13:27:35', '', '', 0, ''),
(196, 98, '62ffb9f73a06b2.55175174', 0, '2022-08-19 13:27:35', '', '', 0, ''),
(197, 98, '62ffb9f73a6735.81145999', 0, '2022-08-19 13:27:35', '', '', 0, ''),
(198, 98, '62ffb9f73ad048.02397273', 0, '2022-08-19 13:27:35', '', '', 0, ''),
(199, 98, '62ffb9f73b5402.53914528', 0, '2022-08-19 13:27:35', '', '', 0, ''),
(200, 98, '62ffb9f73bbc68.51964903', 0, '2022-08-19 13:27:35', '', '', 0, ''),
(201, 97, '62ffb9f73c2b24.48767648', 0, '2022-08-19 13:27:35', '', '', 0, ''),
(202, 97, '62ffb9f73ca918.34434691', 0, '2022-08-19 13:27:35', '', '', 0, ''),
(203, 97, '62ffb9f73d36d3.86504074', 0, '2022-08-19 13:27:35', '', '', 0, ''),
(204, 97, '62ffb9f73db8e4.89489415', 0, '2022-08-19 13:27:35', '', '', 0, ''),
(205, 97, '62ffb9f73e1883.01692200', 0, '2022-08-19 13:27:35', '', '', 0, ''),
(206, 97, '62ffb9f73e8367.86747719', 0, '2022-08-19 13:27:35', '', '', 0, ''),
(207, 97, '62ffb9f73ee7e2.83949645', 0, '2022-08-19 13:27:35', '', '', 0, ''),
(208, 97, '62ffb9f73f3de4.63709309', 0, '2022-08-19 13:27:35', '', '', 0, ''),
(209, 97, '62ffb9f73fa911.31452474', 0, '2022-08-19 13:27:35', '', '', 0, ''),
(210, 97, '62ffb9f7401d82.36790554', 0, '2022-08-19 13:27:35', '', '', 0, ''),
(211, 97, '62ffb9f7408ec7.60594174', 0, '2022-08-19 13:27:35', '', '', 0, ''),
(212, 97, '62ffb9f7412a08.59215108', 0, '2022-08-19 13:27:35', '', '', 0, ''),
(213, 97, '62ffb9f7419489.99702374', 0, '2022-08-19 13:27:35', '', '', 0, ''),
(214, 97, '62ffb9f7420166.88389291', 0, '2022-08-19 13:27:35', '', '', 0, ''),
(215, 97, '62ffb9f74273b7.94109302', 0, '2022-08-19 13:27:35', '', '', 0, ''),
(216, 97, '62ffb9f742e900.73760766', 0, '2022-08-19 13:27:35', '', '', 0, ''),
(217, 97, '62ffb9f7435617.28386319', 0, '2022-08-19 13:27:35', '', '', 0, ''),
(218, 97, '62ffb9f743c839.75686241', 0, '2022-08-19 13:27:35', '', '', 0, ''),
(219, 97, '62ffb9f7442b50.09534455', 0, '2022-08-19 13:27:35', '', '', 0, ''),
(220, 97, '62ffb9f7449491.17102855', 0, '2022-08-19 13:27:35', '', '', 0, ''),
(221, 97, '62ffb9f7453dc3.36732933', 0, '2022-08-19 13:27:35', '', '', 0, ''),
(222, 97, '62ffb9f745bc02.17750438', 0, '2022-08-19 13:27:35', '', '', 0, ''),
(223, 97, '62ffb9f7463c63.45929914', 0, '2022-08-19 13:27:35', '', '', 0, ''),
(224, 97, '62ffb9f746acd5.76613428', 0, '2022-08-19 13:27:35', '', '', 0, ''),
(225, 97, '62ffb9f7473322.21837067', 0, '2022-08-19 13:27:35', '', '', 0, ''),
(226, 97, '62ffb9f747a407.15583807', 0, '2022-08-19 13:27:35', '', '', 0, ''),
(227, 97, '62ffb9f7481e09.59107670', 0, '2022-08-19 13:27:35', '', '', 0, ''),
(228, 97, '62ffb9f7488c93.97742132', 0, '2022-08-19 13:27:35', '', '', 0, ''),
(229, 97, '62ffb9f7490130.94465275', 0, '2022-08-19 13:27:35', '', '', 0, ''),
(230, 97, '62ffb9f74984a2.29360560', 0, '2022-08-19 13:27:35', '', '', 0, ''),
(231, 97, '62ffb9f74a12f5.63508497', 0, '2022-08-19 13:27:35', '', '', 0, ''),
(232, 97, '62ffb9f74a7b74.26584649', 0, '2022-08-19 13:27:35', '', '', 0, ''),
(233, 97, '62ffb9f74aea57.49486257', 0, '2022-08-19 13:27:35', '', '', 0, ''),
(234, 97, '62ffb9f74b5b62.19306743', 0, '2022-08-19 13:27:35', '', '', 0, ''),
(235, 97, '62ffb9f74bcad1.02571521', 0, '2022-08-19 13:27:35', '', '', 0, ''),
(236, 97, '62ffb9f74c3ee4.20686609', 0, '2022-08-19 13:27:35', '', '', 0, ''),
(237, 97, '62ffb9f74cb4a5.22590259', 0, '2022-08-19 13:27:35', '', '', 0, ''),
(238, 97, '62ffb9f74d3eb9.35164219', 0, '2022-08-19 13:27:35', '', '', 0, ''),
(239, 97, '62ffb9f74dc691.39836821', 0, '2022-08-19 13:27:35', '', '', 0, ''),
(240, 97, '62ffb9f74e3d14.17975998', 0, '2022-08-19 13:27:35', '', '', 0, ''),
(241, 97, '62ffb9f74eb0c7.00331444', 0, '2022-08-19 13:27:35', '', '', 0, ''),
(242, 97, '62ffb9f74f29a4.39996818', 0, '2022-08-19 13:27:35', '', '', 0, ''),
(243, 97, '62ffb9f74f9991.61141576', 0, '2022-08-19 13:27:35', '', '', 0, ''),
(244, 97, '62ffb9f7500f38.50100447', 0, '2022-08-19 13:27:35', '', '', 0, ''),
(245, 97, '62ffb9f7507a07.79156777', 0, '2022-08-19 13:27:35', '', '', 0, ''),
(246, 97, '62ffb9f750eff7.37062167', 0, '2022-08-19 13:27:35', '', '', 0, ''),
(247, 97, '62ffb9f75194e8.00648667', 0, '2022-08-19 13:27:35', '', '', 0, ''),
(248, 97, '62ffb9f7522dd8.94132223', 0, '2022-08-19 13:27:35', '', '', 0, ''),
(249, 97, '62ffb9f752b115.31737552', 0, '2022-08-19 13:27:35', '', '', 0, ''),
(250, 97, '62ffb9f7532a24.44340749', 0, '2022-08-19 13:27:35', '', '', 0, ''),
(251, 97, '62ffb9f7539fb4.35708180', 0, '2022-08-19 13:27:35', '', '', 0, ''),
(252, 97, '62ffb9f7540116.46414297', 0, '2022-08-19 13:27:35', '', '', 0, ''),
(253, 97, '62ffb9f75704b0.75738154', 0, '2022-08-19 13:27:35', '', '', 0, ''),
(254, 97, '62ffb9f7577ed4.41772828', 0, '2022-08-19 13:27:35', '', '', 0, ''),
(255, 97, '62ffb9f757f288.31118475', 0, '2022-08-19 13:27:35', '', '', 0, ''),
(256, 97, '62ffb9f75865f6.40084759', 0, '2022-08-19 13:27:35', '', '', 0, ''),
(257, 97, '62ffb9f758d952.29075547', 0, '2022-08-19 13:27:35', '', '', 0, ''),
(258, 97, '62ffb9f7594364.44687416', 0, '2022-08-19 13:27:35', '', '', 0, ''),
(259, 97, '62ffb9f759cc68.27947054', 0, '2022-08-19 13:27:35', '', '', 0, ''),
(260, 97, '62ffb9f75a4479.92789491', 0, '2022-08-19 13:27:35', '', '', 0, ''),
(261, 97, '62ffb9f75ab826.65472331', 0, '2022-08-19 13:27:35', '', '', 0, ''),
(262, 97, '62ffb9f75b1eb6.02506942', 0, '2022-08-19 13:27:35', '', '', 0, ''),
(263, 97, '62ffb9f75b8a97.98931467', 0, '2022-08-19 13:27:35', '', '', 0, ''),
(264, 97, '62ffb9f75c09b8.35708404', 0, '2022-08-19 13:27:35', '', '', 0, ''),
(265, 97, '62ffb9f75c6d57.19945524', 0, '2022-08-19 13:27:35', '', '', 0, ''),
(266, 97, '62ffb9f75cd727.95758162', 0, '2022-08-19 13:27:35', '', '', 0, ''),
(267, 97, '62ffb9f75d5082.56564473', 0, '2022-08-19 13:27:35', '', '', 0, ''),
(268, 97, '62ffb9f75de679.21255987', 0, '2022-08-19 13:27:35', '', '', 0, ''),
(269, 97, '62ffb9f75e6610.50532693', 0, '2022-08-19 13:27:35', '', '', 0, ''),
(270, 97, '62ffb9f75ecd60.58725457', 0, '2022-08-19 13:27:35', '', '', 0, ''),
(271, 97, '62ffb9f75f3633.17928616', 0, '2022-08-19 13:27:35', '', '', 0, ''),
(272, 97, '62ffb9f75faf93.68379853', 0, '2022-08-19 13:27:35', '', '', 0, ''),
(273, 97, '62ffb9f7601f64.46650503', 0, '2022-08-19 13:27:35', '', '', 0, ''),
(274, 97, '62ffb9f760aa83.64550907', 0, '2022-08-19 13:27:35', '', '', 0, ''),
(275, 97, '62ffb9f7612262.40240344', 0, '2022-08-19 13:27:35', '', '', 0, ''),
(276, 97, '62ffb9f761bb34.13688031', 0, '2022-08-19 13:27:35', '', '', 0, ''),
(277, 97, '62ffb9f7623431.35246094', 0, '2022-08-19 13:27:35', '', '', 0, ''),
(278, 97, '62ffb9f762ac27.63604059', 0, '2022-08-19 13:27:35', '', '', 0, ''),
(279, 97, '62ffb9f7633679.63442331', 0, '2022-08-19 13:27:35', '', '', 0, ''),
(280, 97, '62ffb9f763bcb8.35123585', 0, '2022-08-19 13:27:35', '', '', 0, ''),
(281, 97, '62ffb9f7643907.79072596', 0, '2022-08-19 13:27:35', '', '', 0, ''),
(282, 97, '62ffb9f764bbf8.51247097', 0, '2022-08-19 13:27:35', '', '', 0, ''),
(283, 97, '62ffb9f76538e1.42159911', 0, '2022-08-19 13:27:35', '', '', 0, ''),
(284, 97, '62ffb9f765f712.54800091', 0, '2022-08-19 13:27:35', '', '', 0, ''),
(285, 97, '62ffb9f76682c2.00351113', 0, '2022-08-19 13:27:35', '', '', 0, ''),
(286, 97, '62ffb9f76712f7.18629039', 0, '2022-08-19 13:27:35', '', '', 0, ''),
(287, 97, '62ffb9f7679133.70738650', 0, '2022-08-19 13:27:35', '', '', 0, ''),
(288, 97, '62ffb9f7681454.27381038', 0, '2022-08-19 13:27:35', '', '', 0, ''),
(289, 97, '62ffb9f7688b00.57432706', 0, '2022-08-19 13:27:35', '', '', 0, ''),
(290, 97, '62ffb9f7692060.87270142', 0, '2022-08-19 13:27:35', '', '', 0, ''),
(291, 97, '62ffb9f769a042.62921943', 0, '2022-08-19 13:27:35', '', '', 0, ''),
(292, 97, '62ffb9f76a11b4.60921698', 0, '2022-08-19 13:27:35', '', '', 0, ''),
(293, 97, '62ffb9f76a74f7.48109299', 0, '2022-08-19 13:27:35', '', '', 0, ''),
(294, 97, '62ffb9f76ae9a9.31199561', 0, '2022-08-19 13:27:35', '', '', 0, ''),
(295, 97, '62ffb9f76b5de7.79580232', 0, '2022-08-19 13:27:35', '', '', 0, ''),
(296, 97, '62ffb9f76bcf07.83501913', 0, '2022-08-19 13:27:35', '', '', 0, ''),
(297, 97, '62ffb9f76c2fb0.25261784', 0, '2022-08-19 13:27:35', '', '', 0, ''),
(298, 97, '62ffb9f76c9be7.44778708', 0, '2022-08-19 13:27:35', '', '', 0, ''),
(299, 97, '62ffb9f76d1b20.40996840', 0, '2022-08-19 13:27:35', '', '', 0, ''),
(300, 97, '62ffb9f76d83b5.38247230', 0, '2022-08-19 13:27:35', '', '', 0, ''),
(301, 97, '62ffb9f76e3381.42522829', 0, '2022-08-19 13:27:35', '', '', 0, ''),
(302, 97, '62ffb9f76eab43.24103695', 0, '2022-08-19 13:27:35', '', '', 0, ''),
(303, 97, '62ffb9f76f26d1.21981375', 0, '2022-08-19 13:27:35', '', '', 0, ''),
(304, 97, '62ffb9f76f9649.22193849', 0, '2022-08-19 13:27:35', '', '', 0, ''),
(305, 97, '62ffb9f76ff0e8.86716585', 0, '2022-08-19 13:27:35', '', '', 0, ''),
(306, 97, '62ffb9f7705b90.94782178', 0, '2022-08-19 13:27:35', '', '', 0, ''),
(307, 97, '62ffb9f770cfa1.77945101', 0, '2022-08-19 13:27:35', '', '', 0, ''),
(308, 97, '62ffb9f7714164.29171765', 0, '2022-08-19 13:27:35', '', '', 0, ''),
(309, 97, '62ffb9f771c280.36288624', 0, '2022-08-19 13:27:35', '', '', 0, ''),
(310, 97, '62ffb9f7724200.07413327', 0, '2022-08-19 13:27:35', '', '', 0, ''),
(311, 97, '62ffb9f772b473.48833560', 0, '2022-08-19 13:27:35', '', '', 0, ''),
(312, 97, '62ffb9f7730e52.81544745', 0, '2022-08-19 13:27:35', '', '', 0, ''),
(313, 97, '62ffb9f7737b87.50450686', 0, '2022-08-19 13:27:35', '', '', 0, ''),
(314, 97, '62ffb9f773efc8.30058655', 0, '2022-08-19 13:27:35', '', '', 0, ''),
(315, 97, '62ffb9f7745b17.43180359', 0, '2022-08-19 13:27:35', '', '', 0, ''),
(316, 97, '62ffb9f774b5b1.14184854', 0, '2022-08-19 13:27:35', '', '', 0, ''),
(317, 97, '62ffb9f7752070.00148269', 0, '2022-08-19 13:27:35', '', '', 0, ''),
(318, 97, '62ffb9f7759857.55894557', 0, '2022-08-19 13:27:35', '', '', 0, ''),
(319, 97, '62ffb9f7764828.33282495', 0, '2022-08-19 13:27:35', '', '', 0, ''),
(320, 97, '62ffb9f776e0a3.14736034', 0, '2022-08-19 13:27:35', '', '', 0, ''),
(321, 97, '62ffb9f7776be6.22199658', 0, '2022-08-19 13:27:35', '', '', 0, ''),
(322, 97, '62ffb9f777dc67.22626815', 0, '2022-08-19 13:27:35', '', '', 0, ''),
(323, 97, '62ffb9f77850e6.20068951', 0, '2022-08-19 13:27:35', '', '', 0, ''),
(324, 97, '62ffb9f778c644.04367138', 0, '2022-08-19 13:27:35', '', '', 0, ''),
(325, 97, '62ffb9f7793e57.36507899', 0, '2022-08-19 13:27:35', '', '', 0, ''),
(326, 97, '62ffb9f779a629.98895020', 0, '2022-08-19 13:27:35', '', '', 0, ''),
(327, 97, '62ffb9f77a23d4.83723819', 0, '2022-08-19 13:27:35', '', '', 0, ''),
(328, 97, '62ffb9f77a87f4.93294662', 0, '2022-08-19 13:27:35', '', '', 0, ''),
(329, 97, '62ffb9f77af7d8.33472662', 0, '2022-08-19 13:27:35', '', '', 0, ''),
(330, 97, '62ffb9f77b6bd9.11174453', 0, '2022-08-19 13:27:35', '', '', 0, ''),
(331, 97, '62ffb9f77beb31.86533135', 0, '2022-08-19 13:27:35', '', '', 0, ''),
(332, 97, '62ffb9f77c59b6.00565935', 0, '2022-08-19 13:27:35', '', '', 0, ''),
(333, 97, '62ffb9f77cb669.06490193', 0, '2022-08-19 13:27:35', '', '', 0, ''),
(334, 97, '62ffb9f77d20d7.17030534', 0, '2022-08-19 13:27:35', '', '', 0, ''),
(335, 97, '62ffb9f77d92d9.22629368', 0, '2022-08-19 13:27:35', '', '', 0, ''),
(336, 97, '62ffb9f77e2c62.95125414', 0, '2022-08-19 13:27:35', '', '', 0, ''),
(337, 97, '62ffb9f77eb776.58989191', 0, '2022-08-19 13:27:35', '', '', 0, ''),
(338, 97, '62ffb9f77f2ca3.95690261', 0, '2022-08-19 13:27:35', '', '', 0, ''),
(339, 97, '62ffb9f77f9311.54826216', 0, '2022-08-19 13:27:35', '', '', 0, ''),
(340, 97, '62ffb9f77ffcc0.33385378', 0, '2022-08-19 13:27:35', '', '', 0, ''),
(341, 97, '62ffb9f7808710.21520809', 0, '2022-08-19 13:27:35', '', '', 0, ''),
(342, 97, '62ffb9f780f9e0.19999519', 0, '2022-08-19 13:27:35', '', '', 0, ''),
(343, 97, '62ffb9f78150c1.99492549', 0, '2022-08-19 13:27:35', '', '', 0, ''),
(344, 97, '62ffb9f781c900.35215787', 0, '2022-08-19 13:27:35', '', '', 0, ''),
(345, 97, '62ffb9f7825e20.04149845', 0, '2022-08-19 13:27:35', '', '', 0, ''),
(346, 97, '62ffb9f782d8d4.65288864', 0, '2022-08-19 13:27:35', '', '', 0, ''),
(347, 97, '62ffb9f7834e96.84635407', 0, '2022-08-19 13:27:35', '', '', 0, ''),
(348, 97, '62ffb9f783c395.41090279', 0, '2022-08-19 13:27:35', '', '', 0, ''),
(349, 97, '62ffb9f78437a7.37701712', 0, '2022-08-19 13:27:35', '', '', 0, ''),
(350, 97, '62ffb9f784ab71.73793409', 0, '2022-08-19 13:27:35', '', '', 0, ''),
(351, 97, '62ffb9f78511e2.59805921', 0, '2022-08-19 13:27:35', '', '', 0, ''),
(352, 97, '62ffb9f7880f52.78135475', 0, '2022-08-19 13:27:35', '', '', 0, ''),
(353, 97, '62ffb9f7888081.38242533', 0, '2022-08-19 13:27:35', '', '', 0, ''),
(354, 97, '62ffb9f788ebe3.13159288', 0, '2022-08-19 13:27:35', '', '', 0, ''),
(355, 97, '62ffb9f7896009.02413156', 0, '2022-08-19 13:27:35', '', '', 0, ''),
(356, 97, '62ffb9f789dfc6.12384837', 0, '2022-08-19 13:27:35', '', '', 0, ''),
(357, 97, '62ffb9f78a6f41.83622407', 0, '2022-08-19 13:27:35', '', '', 0, ''),
(358, 97, '62ffb9f78ae211.76754769', 0, '2022-08-19 13:27:35', '', '', 0, ''),
(359, 97, '62ffb9f78b7085.02007548', 0, '2022-08-19 13:27:35', '', '', 0, ''),
(360, 97, '62ffb9f78bd667.15030360', 0, '2022-08-19 13:27:35', '', '', 0, ''),
(361, 97, '62ffb9f78c4058.21280404', 0, '2022-08-19 13:27:35', '', '', 0, ''),
(362, 97, '62ffb9f78cb978.52939349', 0, '2022-08-19 13:27:35', '', '', 0, ''),
(363, 97, '62ffb9f78d2d56.60202704', 0, '2022-08-19 13:27:35', '', '', 0, ''),
(364, 97, '62ffb9f78da3c2.79866104', 0, '2022-08-19 13:27:35', '', '', 0, ''),
(365, 97, '62ffb9f78e03f7.15427983', 0, '2022-08-19 13:27:35', '', '', 0, ''),
(366, 97, '62ffb9f78e8b96.81121612', 0, '2022-08-19 13:27:35', '', '', 0, ''),
(367, 97, '62ffb9f78f12d4.56819087', 0, '2022-08-19 13:27:35', '', '', 0, ''),
(368, 97, '62ffb9f78f8b43.34269256', 0, '2022-08-19 13:27:35', '', '', 0, ''),
(369, 97, '62ffb9f7900047.84801933', 0, '2022-08-19 13:27:35', '', '', 0, ''),
(370, 97, '62ffb9f79065c4.38473655', 0, '2022-08-19 13:27:35', '', '', 0, ''),
(371, 97, '62ffb9f790cd25.62421442', 0, '2022-08-19 13:27:35', '', '', 0, ''),
(372, 97, '62ffb9f7913bc7.60005785', 0, '2022-08-19 13:27:35', '', '', 0, ''),
(373, 97, '62ffb9f791a9f9.12010445', 0, '2022-08-19 13:27:35', '', '', 0, ''),
(374, 97, '62ffb9f7922776.36673974', 0, '2022-08-19 13:27:35', '', '', 0, ''),
(375, 97, '62ffb9f792b706.79882646', 0, '2022-08-19 13:27:35', '', '', 0, ''),
(376, 97, '62ffb9f79330e4.20887118', 0, '2022-08-19 13:27:35', '', '', 0, ''),
(377, 97, '62ffb9f793a7e2.21217015', 0, '2022-08-19 13:27:35', '', '', 0, ''),
(378, 97, '62ffb9f7941751.22262660', 0, '2022-08-19 13:27:35', '', '', 0, ''),
(379, 97, '62ffb9f79483a6.77813156', 0, '2022-08-19 13:27:35', '', '', 0, ''),
(380, 97, '62ffb9f797a0f7.43072596', 0, '2022-08-19 13:27:35', '', '', 0, ''),
(381, 97, '62ffb9f7981542.91901255', 0, '2022-08-19 13:27:35', '', '', 0, ''),
(382, 97, '62ffb9f7986e43.75903397', 0, '2022-08-19 13:27:35', '', '', 0, ''),
(383, 97, '62ffb9f798e070.28788260', 0, '2022-08-19 13:27:35', '', '', 0, ''),
(384, 97, '62ffb9f7994bd9.47286369', 0, '2022-08-19 13:27:35', '', '', 0, ''),
(385, 97, '62ffb9f799b8a9.96282142', 0, '2022-08-19 13:27:35', '', '', 0, ''),
(386, 97, '62ffb9f79a2b47.27246992', 0, '2022-08-19 13:27:35', '', '', 0, ''),
(387, 97, '62ffb9f79ab120.46035970', 0, '2022-08-19 13:27:35', '', '', 0, ''),
(388, 97, '62ffb9f79b2f77.39958263', 0, '2022-08-19 13:27:35', '', '', 0, ''),
(389, 97, '62ffb9f79b94f9.15833553', 0, '2022-08-19 13:27:35', '', '', 0, ''),
(390, 97, '62ffb9f79bff81.71361955', 0, '2022-08-19 13:27:35', '', '', 0, ''),
(391, 97, '62ffb9f79c7197.55239831', 0, '2022-08-19 13:27:35', '', '', 0, ''),
(392, 97, '62ffb9f79cdf23.34817734', 0, '2022-08-19 13:27:35', '', '', 0, ''),
(393, 97, '62ffb9f79d38c5.85557073', 0, '2022-08-19 13:27:35', '', '', 0, ''),
(394, 97, '62ffb9f79db4d8.80469880', 0, '2022-08-19 13:27:35', '', '', 0, ''),
(395, 97, '62ffb9f79e3e20.59557838', 0, '2022-08-19 13:27:35', '', '', 0, ''),
(396, 97, '62ffb9f79ec2f2.77330708', 0, '2022-08-19 13:27:35', '', '', 0, ''),
(397, 97, '62ffb9f79f3de4.06065381', 0, '2022-08-19 13:27:35', '', '', 0, ''),
(398, 97, '62ffb9f79f9cc1.37146209', 0, '2022-08-19 13:27:35', '', '', 0, ''),
(399, 97, '62ffb9f79ff921.31991976', 0, '2022-08-19 13:27:35', '', '', 0, ''),
(400, 97, '62ffb9f7a057b9.51932140', 0, '2022-08-19 13:27:35', '', '', 0, ''),
(401, 97, '62ffb9f7a0b5c7.19896880', 0, '2022-08-19 13:27:35', '', '', 0, ''),
(402, 97, '62ffb9f7a12079.34008191', 0, '2022-08-19 13:27:35', '', '', 0, ''),
(403, 97, '62ffb9f7a195b1.53491907', 0, '2022-08-19 13:27:35', '', '', 0, ''),
(404, 97, '62ffb9f7a1f631.02288349', 0, '2022-08-19 13:27:35', '', '', 0, ''),
(405, 97, '62ffb9f7a2a540.82005787', 0, '2022-08-19 13:27:35', '', '', 0, ''),
(406, 97, '62ffb9f7a35890.19306231', 0, '2022-08-19 13:27:35', '', '', 0, ''),
(407, 97, '62ffb9f7a3e556.95650923', 0, '2022-08-19 13:27:35', '', '', 0, ''),
(408, 97, '62ffb9f7a45cc9.89641618', 0, '2022-08-19 13:27:35', '', '', 0, ''),
(409, 97, '62ffb9f7a4b592.69390755', 0, '2022-08-19 13:27:35', '', '', 0, ''),
(410, 97, '62ffb9f7a51554.55138140', 0, '2022-08-19 13:27:35', '', '', 0, ''),
(411, 97, '62ffb9f7a56dc7.27716010', 0, '2022-08-19 13:27:35', '', '', 0, ''),
(412, 97, '62ffb9f7a5d714.46818056', 0, '2022-08-19 13:27:35', '', '', 0, ''),
(413, 97, '62ffb9f7a64832.59848174', 0, '2022-08-19 13:27:35', '', '', 0, ''),
(414, 97, '62ffb9f7a6d981.13025015', 0, '2022-08-19 13:27:35', '', '', 0, ''),
(415, 97, '62ffb9f7a76555.46505125', 0, '2022-08-19 13:27:35', '', '', 0, ''),
(416, 97, '62ffb9f7a804e3.51930786', 0, '2022-08-19 13:27:35', '', '', 0, ''),
(417, 97, '62ffb9f7a87f64.36357072', 0, '2022-08-19 13:27:35', '', '', 0, ''),
(418, 97, '62ffb9f7a8f627.54851179', 0, '2022-08-19 13:27:35', '', '', 0, ''),
(419, 97, '62ffb9f7a97cf5.70377603', 0, '2022-08-19 13:27:35', '', '', 0, ''),
(420, 97, '62ffb9f7aa24b0.93734908', 0, '2022-08-19 13:27:35', '', '', 0, ''),
(421, 97, '62ffb9f7aab087.75303680', 0, '2022-08-19 13:27:35', '', '', 0, ''),
(422, 97, '62ffb9f7ab8956.95160257', 0, '2022-08-19 13:27:35', '', '', 0, ''),
(423, 97, '62ffb9f7ac6456.67064429', 0, '2022-08-19 13:27:35', '', '', 0, ''),
(424, 97, '62ffb9f7acf8c5.03840447', 0, '2022-08-19 13:27:35', '', '', 0, ''),
(425, 97, '62ffb9f7ad78b1.61146169', 0, '2022-08-19 13:27:35', '', '', 0, ''),
(426, 97, '62ffb9f7ae0411.24597365', 0, '2022-08-19 13:27:35', '', '', 0, ''),
(427, 97, '62ffb9f7ae75c0.91596314', 0, '2022-08-19 13:27:35', '', '', 0, ''),
(428, 97, '62ffb9f7aef310.65776384', 0, '2022-08-19 13:27:35', '', '', 0, ''),
(429, 97, '62ffb9f7af8137.49522640', 0, '2022-08-19 13:27:35', '', '', 0, ''),
(430, 97, '62ffb9f7b00457.36164414', 0, '2022-08-19 13:27:35', '', '', 0, ''),
(431, 97, '62ffb9f7b07177.35421537', 0, '2022-08-19 13:27:35', '', '', 0, ''),
(432, 97, '62ffb9f7b0e355.93885249', 0, '2022-08-19 13:27:35', '', '', 0, ''),
(433, 97, '62ffb9f7b15a37.45377718', 0, '2022-08-19 13:27:35', '', '', 0, ''),
(434, 97, '62ffb9f7b1cd54.91383207', 0, '2022-08-19 13:27:35', '', '', 0, ''),
(435, 97, '62ffb9f7b23f58.35916742', 0, '2022-08-19 13:27:35', '', '', 0, ''),
(436, 97, '62ffb9f7b2af36.59041542', 0, '2022-08-19 13:27:35', '', '', 0, ''),
(437, 97, '62ffb9f7b33ba5.74447132', 0, '2022-08-19 13:27:35', '', '', 0, ''),
(438, 97, '62ffb9f7b3b4a5.83898947', 0, '2022-08-19 13:27:35', '', '', 0, ''),
(439, 97, '62ffb9f7b42c60.96756036', 0, '2022-08-19 13:27:35', '', '', 0, ''),
(440, 97, '62ffb9f7b490a2.79303986', 0, '2022-08-19 13:27:35', '', '', 0, ''),
(441, 97, '62ffb9f7b4f9f2.69249185', 0, '2022-08-19 13:27:35', '', '', 0, ''),
(442, 97, '62ffb9f7b570a1.32481244', 0, '2022-08-19 13:27:35', '', '', 0, ''),
(443, 97, '62ffb9f7b5def0.71287571', 0, '2022-08-19 13:27:35', '', '', 0, ''),
(444, 97, '62ffb9f7b660e8.48313588', 0, '2022-08-19 13:27:35', '', '', 0, ''),
(445, 97, '62ffb9f7b6d505.81413186', 0, '2022-08-19 13:27:35', '', '', 0, ''),
(446, 97, '62ffb9f7b77c71.85361216', 0, '2022-08-19 13:27:35', '', '', 0, ''),
(447, 97, '62ffb9f7b7f069.99404497', 0, '2022-08-19 13:27:35', '', '', 0, ''),
(448, 97, '62ffb9f7b85b57.99264523', 0, '2022-08-19 13:27:35', '', '', 0, ''),
(449, 97, '62ffb9f7b8c8a8.78091225', 0, '2022-08-19 13:27:35', '', '', 0, ''),
(450, 97, '62ffb9f7b92313.58653918', 0, '2022-08-19 13:27:35', '', '', 0, ''),
(451, 118, '62ffb9f7b98e59.44338040', 0, '2022-08-19 13:27:35', '', '', 0, ''),
(452, 118, '62ffb9f7ba0189.26203403', 0, '2022-08-19 13:27:35', '', '', 0, ''),
(453, 118, '62ffb9f7ba7578.97515298', 0, '2022-08-19 13:27:35', '', '', 0, ''),
(454, 118, '62ffb9f7baed32.54826851', 0, '2022-08-19 13:27:35', '', '', 0, ''),
(455, 118, '62ffb9f7bba5a4.65798981', 0, '2022-08-19 13:27:35', '', '', 0, ''),
(456, 118, '62ffb9f7bc3690.57842736', 0, '2022-08-19 13:27:35', '', '', 0, ''),
(457, 118, '62ffb9f7bcc468.65696867', 0, '2022-08-19 13:27:35', '', '', 0, ''),
(458, 118, '62ffb9f7bd4fd5.76138234', 0, '2022-08-19 13:27:35', '', '', 0, ''),
(459, 118, '62ffb9f7bdcd33.16482345', 0, '2022-08-19 13:27:35', '', '', 0, ''),
(460, 118, '62ffb9f7be3035.44504394', 0, '2022-08-19 13:27:35', '', '', 0, ''),
(461, 118, '62ffb9f7be9855.87077020', 0, '2022-08-19 13:27:35', '', '', 0, ''),
(462, 118, '62ffb9f7bf09a7.02848121', 0, '2022-08-19 13:27:35', '', '', 0, ''),
(463, 118, '62ffb9f7bf9af8.69190724', 0, '2022-08-19 13:27:35', '', '', 0, ''),
(464, 118, '62ffb9f7c01401.22559213', 0, '2022-08-19 13:27:35', '', '', 0, ''),
(465, 118, '62ffb9f7c09364.10408473', 0, '2022-08-19 13:27:35', '', '', 0, ''),
(466, 118, '62ffb9f7c106f4.25977374', 0, '2022-08-19 13:27:35', '', '', 0, ''),
(467, 118, '62ffb9f7c17c07.44225863', 0, '2022-08-19 13:27:35', '', '', 0, ''),
(468, 118, '62ffb9f7c1ebe5.20709957', 0, '2022-08-19 13:27:35', '', '', 0, ''),
(469, 118, '62ffb9f7c25d79.35693393', 0, '2022-08-19 13:27:35', '', '', 0, ''),
(470, 118, '62ffb9f7c2da04.99071693', 0, '2022-08-19 13:27:35', '', '', 0, ''),
(471, 118, '62ffb9f7c35553.79936552', 0, '2022-08-19 13:27:35', '', '', 0, ''),
(472, 118, '62ffb9f7c3d4d4.34651492', 0, '2022-08-19 13:27:35', '', '', 0, ''),
(473, 118, '62ffb9f7c431d7.35565815', 0, '2022-08-19 13:27:35', '', '', 0, ''),
(474, 118, '62ffb9f7c49f37.29758933', 0, '2022-08-19 13:27:35', '', '', 0, ''),
(475, 118, '62ffb9f7c52c25.02070153', 0, '2022-08-19 13:27:35', '', '', 0, ''),
(476, 118, '62ffb9f7c59c46.89753980', 0, '2022-08-19 13:27:35', '', '', 0, ''),
(477, 118, '62ffb9f7c60cd5.40449066', 0, '2022-08-19 13:27:35', '', '', 0, ''),
(478, 118, '62ffb9f7c68870.34829359', 0, '2022-08-19 13:27:35', '', '', 0, ''),
(479, 118, '62ffb9f7c70566.23716206', 0, '2022-08-19 13:27:35', '', '', 0, ''),
(480, 118, '62ffb9f7c789e7.11484228', 0, '2022-08-19 13:27:35', '', '', 0, ''),
(481, 118, '62ffb9f7c803e8.39650585', 0, '2022-08-19 13:27:35', '', '', 0, ''),
(482, 118, '62ffb9f7c87182.10764677', 0, '2022-08-19 13:27:35', '', '', 0, ''),
(483, 118, '62ffb9f7c8e624.53327681', 0, '2022-08-19 13:27:35', '', '', 0, ''),
(484, 118, '62ffb9f7c954c5.12903441', 0, '2022-08-19 13:27:35', '', '', 0, ''),
(485, 118, '62ffb9f7c9ccc1.67896076', 0, '2022-08-19 13:27:35', '', '', 0, ''),
(486, 118, '62ffb9f7ca38f2.10029676', 0, '2022-08-19 13:27:35', '', '', 0, ''),
(487, 118, '62ffb9f7ca90b3.09011720', 0, '2022-08-19 13:27:35', '', '', 0, ''),
(488, 118, '62ffb9f7caf9e9.30312940', 0, '2022-08-19 13:27:35', '', '', 0, ''),
(489, 118, '62ffb9f7cb8c32.34590662', 0, '2022-08-19 13:27:35', '', '', 0, ''),
(490, 118, '62ffb9f7cbf6b6.84516262', 0, '2022-08-19 13:27:35', '', '', 0, ''),
(491, 118, '62ffb9f7cc65b1.96026465', 0, '2022-08-19 13:27:35', '', '', 0, ''),
(492, 118, '62ffb9f7ccdd90.76245612', 0, '2022-08-19 13:27:35', '', '', 0, ''),
(493, 118, '62ffb9f7cd4aa3.34447974', 0, '2022-08-19 13:27:35', '', '', 0, ''),
(494, 118, '62ffb9f7cdb7a0.13971380', 0, '2022-08-19 13:27:35', '', '', 0, ''),
(495, 118, '62ffb9f7d0cbb9.98904033', 0, '2022-08-19 13:27:35', '', '', 0, ''),
(496, 118, '62ffb9f7d14545.69835969', 0, '2022-08-19 13:27:35', '', '', 0, ''),
(497, 118, '62ffb9f7d1c3f1.15421646', 0, '2022-08-19 13:27:35', '', '', 0, ''),
(498, 118, '62ffb9f7d24972.98346358', 0, '2022-08-19 13:27:35', '', '', 0, ''),
(499, 118, '62ffb9f7d2ad66.68181668', 0, '2022-08-19 13:27:35', '', '', 0, ''),
(500, 118, '62ffb9f7d31a35.94149065', 0, '2022-08-19 13:27:35', '', '', 0, ''),
(501, 117, '62ffb9f7d3be70.69718593', 0, '2022-08-19 13:27:35', '', '', 0, ''),
(502, 117, '62ffb9f7d46418.99361399', 0, '2022-08-19 13:27:35', '', '', 0, ''),
(503, 117, '62ffb9f7d4f489.95025742', 0, '2022-08-19 13:27:35', '', '', 0, ''),
(504, 117, '62ffb9f7d56884.43652298', 0, '2022-08-19 13:27:35', '', '', 0, ''),
(505, 117, '62ffb9f7d5d842.11193261', 1, '2022-08-19 13:27:35', '', '', 0, ''),
(506, 115, '62ffb9f7d64f19.89948262', 0, '2022-08-19 13:27:35', '', '', 0, ''),
(507, 115, '62ffb9f7d6c048.35124644', 0, '2022-08-19 13:27:35', '', '', 0, ''),
(508, 115, '62ffb9f7d74f05.05101700', 0, '2022-08-19 13:27:35', '', '', 0, ''),
(509, 115, '62ffb9f7d7dd19.41007145', 0, '2022-08-19 13:27:35', '', '', 0, ''),
(510, 115, '62ffb9f7d88ea8.37059844', 0, '2022-08-19 13:27:35', '', '', 0, ''),
(511, 115, '62ffb9f7d90337.50915021', 0, '2022-08-19 13:27:35', '', '', 0, ''),
(512, 115, '62ffb9f7d97128.77637651', 0, '2022-08-19 13:27:35', '', '', 0, ''),
(513, 115, '62ffb9f7da0a05.37911158', 0, '2022-08-19 13:27:35', '', '', 0, ''),
(514, 115, '62ffb9f7da9bc0.33644711', 0, '2022-08-19 13:27:35', '', '', 0, ''),
(515, 115, '62ffb9f7db0dc3.61118861', 0, '2022-08-19 13:27:35', '', '', 0, ''),
(516, 72, '630008dd2c2ae5.29212418', 0, '2022-08-19 19:04:13', '', '', 0, ''),
(517, 72, '630008dd2cb1b5.65311503', 0, '2022-08-19 19:04:13', '', '', 0, ''),
(518, 72, '630008dd2d17c3.30919391', 0, '2022-08-19 19:04:13', '', '', 0, ''),
(519, 72, '630008dd2d9665.71343305', 0, '2022-08-19 19:04:13', '', '', 0, ''),
(520, 72, '630008dd2dff31.51475098', 0, '2022-08-19 19:04:13', '', '', 0, ''),
(521, 72, '630008dd2e75e9.81270751', 0, '2022-08-19 19:04:13', '', '', 0, ''),
(522, 72, '630008dd2f2fe8.97966559', 0, '2022-08-19 19:04:13', '', '', 0, ''),
(523, 72, '630008dd2fb347.07540393', 0, '2022-08-19 19:04:13', '', '', 0, ''),
(524, 72, '630008dd3011d0.08364293', 0, '2022-08-19 19:04:13', '', '', 0, ''),
(525, 72, '630008dd307ec0.51967332', 0, '2022-08-19 19:04:13', '', '', 0, ''),
(526, 72, '630008dd30e6a4.89694328', 0, '2022-08-19 19:04:13', '', '', 0, ''),
(527, 72, '630008dd314f93.48496805', 0, '2022-08-19 19:04:13', '', '', 0, ''),
(528, 72, '630008dd31b373.73820705', 0, '2022-08-19 19:04:13', '', '', 0, ''),
(529, 72, '630008dd321e91.26463064', 0, '2022-08-19 19:04:13', '', '', 0, ''),
(530, 72, '630008dd3297c0.25259949', 0, '2022-08-19 19:04:13', '', '', 0, ''),
(531, 72, '630008dd335133.63862066', 0, '2022-08-19 19:04:13', '', '', 0, ''),
(532, 72, '630008dd33d223.36787898', 0, '2022-08-19 19:04:13', '', '', 0, ''),
(533, 72, '630008dd3437e1.15042772', 0, '2022-08-19 19:04:13', '', '', 0, ''),
(534, 72, '630008dd34a256.96366888', 0, '2022-08-19 19:04:13', '', '', 0, ''),
(535, 72, '630008dd351d12.83943729', 0, '2022-08-19 19:04:13', '', '', 0, ''),
(536, 72, '630008dd358e57.07759937', 0, '2022-08-19 19:04:13', '', '', 0, ''),
(537, 72, '630008dd35f3a9.02400349', 0, '2022-08-19 19:04:13', '', '', 0, ''),
(538, 72, '630008dd366077.20710786', 0, '2022-08-19 19:04:13', '', '', 0, ''),
(539, 72, '630008dd371123.07978498', 0, '2022-08-19 19:04:13', '', '', 0, ''),
(540, 72, '630008dd3a3147.96048329', 0, '2022-08-19 19:04:13', '', '', 0, ''),
(541, 72, '630008dd3aa584.40098215', 0, '2022-08-19 19:04:13', '', '', 0, ''),
(542, 72, '630008dd3b57c1.70574093', 0, '2022-08-19 19:04:13', '', '', 0, ''),
(543, 72, '630008dd3bcbb9.23953159', 0, '2022-08-19 19:04:13', '', '', 0, ''),
(544, 72, '630008dd3c3c47.25290525', 0, '2022-08-19 19:04:13', '', '', 0, ''),
(545, 72, '630008dd3cb116.59559044', 0, '2022-08-19 19:04:13', '', '', 0, ''),
(546, 72, '630008dd3d1286.93563844', 0, '2022-08-19 19:04:13', '', '', 0, ''),
(547, 72, '630008dd3d81a9.13171909', 0, '2022-08-19 19:04:13', '', '', 0, ''),
(548, 72, '630008dd3deb02.58254825', 0, '2022-08-19 19:04:13', '', '', 0, ''),
(549, 72, '630008dd3e56e8.78350482', 0, '2022-08-19 19:04:13', '', '', 0, ''),
(550, 72, '630008dd3ed1a4.82642517', 0, '2022-08-19 19:04:13', '', '', 0, ''),
(551, 72, '630008dd3f8693.69878052', 0, '2022-08-19 19:04:13', '', '', 0, ''),
(552, 72, '630008dd3ffb81.46477395', 0, '2022-08-19 19:04:13', '', '', 0, ''),
(553, 72, '630008dd405694.46958992', 0, '2022-08-19 19:04:13', '', '', 0, ''),
(554, 72, '630008dd40c287.02292143', 0, '2022-08-19 19:04:13', '', '', 0, ''),
(555, 72, '630008dd413566.06754601', 0, '2022-08-19 19:04:13', '', '', 0, ''),
(556, 72, '630008dd41a330.86550845', 0, '2022-08-19 19:04:13', '', '', 0, ''),
(557, 72, '630008dd421a38.03095147', 0, '2022-08-19 19:04:13', '', '', 0, ''),
(558, 72, '630008dd427e28.36800936', 0, '2022-08-19 19:04:13', '', '', 0, ''),
(559, 72, '630008dd42f430.39541822', 0, '2022-08-19 19:04:13', '', '', 0, ''),
(560, 72, '630008dd438d31.79213158', 0, '2022-08-19 19:04:13', '', '', 0, ''),
(561, 72, '630008dd4407b3.41178945', 0, '2022-08-19 19:04:13', '', '', 0, ''),
(562, 72, '630008dd447fb3.40702612', 0, '2022-08-19 19:04:13', '', '', 0, ''),
(563, 72, '630008dd44e195.52764684', 0, '2022-08-19 19:04:13', '', '', 0, ''),
(564, 72, '630008dd453f53.93153304', 0, '2022-08-19 19:04:13', '', '', 0, ''),
(565, 72, '630008dd45a9a7.34354530', 0, '2022-08-19 19:04:13', '', '', 0, ''),
(566, 72, '630008dd462012.96245079', 0, '2022-08-19 19:04:13', '', '', 0, ''),
(567, 72, '630008dd4680a6.46881256', 0, '2022-08-19 19:04:13', '', '', 0, ''),
(568, 72, '630008dd46f733.15255438', 0, '2022-08-19 19:04:13', '', '', 0, ''),
(569, 72, '630008dd477fb0.14187178', 0, '2022-08-19 19:04:13', '', '', 0, ''),
(570, 72, '630008dd47eda4.40563219', 0, '2022-08-19 19:04:13', '', '', 0, ''),
(571, 72, '630008dd4860d8.85818801', 0, '2022-08-19 19:04:13', '', '', 0, ''),
(572, 72, '630008dd48cf34.65357351', 0, '2022-08-19 19:04:13', '', '', 0, ''),
(573, 72, '630008dd4938d0.99206116', 0, '2022-08-19 19:04:13', '', '', 0, ''),
(574, 72, '630008dd499273.45425588', 0, '2022-08-19 19:04:13', '', '', 0, ''),
(575, 72, '630008dd4a0391.09017422', 0, '2022-08-19 19:04:13', '', '', 0, ''),
(576, 72, '630008dd4a77e0.74174819', 0, '2022-08-19 19:04:13', '', '', 0, ''),
(577, 72, '630008dd4ad8b5.08917084', 0, '2022-08-19 19:04:13', '', '', 0, ''),
(578, 72, '630008dd4b7ca1.08636316', 0, '2022-08-19 19:04:13', '', '', 0, ''),
(579, 72, '630008dd4bf235.24268637', 0, '2022-08-19 19:04:13', '', '', 0, ''),
(580, 72, '630008dd4c6287.80767421', 0, '2022-08-19 19:04:13', '', '', 0, ''),
(581, 72, '630008dd4cd696.96175306', 0, '2022-08-19 19:04:13', '', '', 0, ''),
(582, 72, '630008dd4d4a70.40990811', 0, '2022-08-19 19:04:13', '', '', 0, ''),
(583, 72, '630008dd4dc111.16879856', 0, '2022-08-19 19:04:13', '', '', 0, ''),
(584, 72, '630008dd4e3003.30331180', 0, '2022-08-19 19:04:13', '', '', 0, ''),
(585, 72, '630008dd4e9fe5.76666355', 0, '2022-08-19 19:04:13', '', '', 0, ''),
(586, 72, '630008dd4f1d23.59796455', 0, '2022-08-19 19:04:13', '', '', 0, ''),
(587, 72, '630008dd4f9556.97992321', 0, '2022-08-19 19:04:13', '', '', 0, ''),
(588, 72, '630008dd500235.83249330', 0, '2022-08-19 19:04:13', '', '', 0, ''),
(589, 72, '630008dd507689.44866750', 0, '2022-08-19 19:04:13', '', '', 0, ''),
(590, 72, '630008dd50d7d4.71615907', 0, '2022-08-19 19:04:13', '', '', 0, ''),
(591, 72, '630008dd514575.33692842', 0, '2022-08-19 19:04:13', '', '', 0, ''),
(592, 72, '630008dd51af65.09808459', 0, '2022-08-19 19:04:13', '', '', 0, ''),
(593, 72, '630008dd5224c1.89528982', 0, '2022-08-19 19:04:13', '', '', 0, ''),
(594, 72, '630008dd529385.67619349', 0, '2022-08-19 19:04:13', '', '', 0, ''),
(595, 72, '630008dd530487.32904256', 0, '2022-08-19 19:04:13', '', '', 0, ''),
(596, 72, '630008dd539896.32465496', 0, '2022-08-19 19:04:13', '', '', 0, ''),
(597, 72, '630008dd5415c8.80752675', 0, '2022-08-19 19:04:13', '', '', 0, ''),
(598, 72, '630008dd548387.79521861', 0, '2022-08-19 19:04:13', '', '', 0, ''),
(599, 72, '630008dd54f5c4.57588224', 0, '2022-08-19 19:04:13', '', '', 0, ''),
(600, 72, '630008dd5565b7.24347877', 0, '2022-08-19 19:04:13', '', '', 0, ''),
(601, 72, '630008dd55d4c3.23115938', 0, '2022-08-19 19:04:13', '', '', 0, ''),
(602, 72, '630008dd5650b4.71170299', 0, '2022-08-19 19:04:13', '', '', 0, ''),
(603, 72, '630008dd56b198.42557154', 0, '2022-08-19 19:04:13', '', '', 0, ''),
(604, 72, '630008dd5721f4.49005693', 0, '2022-08-19 19:04:13', '', '', 0, ''),
(605, 72, '630008dd579bd5.17167122', 0, '2022-08-19 19:04:13', '', '', 0, ''),
(606, 72, '630008dd580b87.25595510', 0, '2022-08-19 19:04:13', '', '', 0, ''),
(607, 72, '630008dd587ec8.29825484', 0, '2022-08-19 19:04:13', '', '', 0, ''),
(608, 72, '630008dd58df52.37338441', 0, '2022-08-19 19:04:13', '', '', 0, ''),
(609, 72, '630008dd5938f8.98648449', 0, '2022-08-19 19:04:13', '', '', 0, ''),
(610, 72, '630008dd59a184.62805584', 0, '2022-08-19 19:04:13', '', '', 0, ''),
(611, 72, '630008dd5a1792.65650430', 0, '2022-08-19 19:04:13', '', '', 0, ''),
(612, 72, '630008dd5a77a5.45028034', 0, '2022-08-19 19:04:13', '', '', 0, ''),
(613, 72, '630008dd5adf14.65948915', 0, '2022-08-19 19:04:13', '', '', 0, ''),
(614, 72, '630008dd5b4fb1.85623174', 0, '2022-08-19 19:04:13', '', '', 0, ''),
(615, 72, '630008dd5be950.24422094', 0, '2022-08-19 19:04:13', '', '', 0, ''),
(616, 72, '630008dd5c5703.49375548', 0, '2022-08-19 19:04:13', '', '', 0, ''),
(617, 72, '630008dd5cc564.52205733', 0, '2022-08-19 19:04:13', '', '', 0, ''),
(618, 72, '630008dd5d30c2.38684168', 0, '2022-08-19 19:04:13', '', '', 0, ''),
(619, 72, '630008dd5d90f6.14227784', 0, '2022-08-19 19:04:13', '', '', 0, ''),
(620, 72, '630008dd5e0210.18006396', 0, '2022-08-19 19:04:13', '', '', 0, ''),
(621, 72, '630008dd5e8463.57437564', 0, '2022-08-19 19:04:13', '', '', 0, ''),
(622, 72, '630008dd5ef313.63087320', 0, '2022-08-19 19:04:13', '', '', 0, ''),
(623, 72, '630008dd5f84f8.30202604', 0, '2022-08-19 19:04:13', '', '', 0, ''),
(624, 72, '630008dd600139.62522353', 0, '2022-08-19 19:04:13', '', '', 0, ''),
(625, 72, '630008dd606fa9.77003175', 0, '2022-08-19 19:04:13', '', '', 0, ''),
(626, 72, '630008dd60e555.59628264', 0, '2022-08-19 19:04:13', '', '', 0, ''),
(627, 72, '630008dd615864.81564615', 0, '2022-08-19 19:04:13', '', '', 0, ''),
(628, 72, '630008dd61df88.02488219', 0, '2022-08-19 19:04:13', '', '', 0, ''),
(629, 72, '630008dd624f76.68745037', 0, '2022-08-19 19:04:13', '', '', 0, ''),
(630, 72, '630008dd62a694.46028196', 0, '2022-08-19 19:04:13', '', '', 0, ''),
(631, 72, '630008dd631c39.93959223', 0, '2022-08-19 19:04:13', '', '', 0, ''),
(632, 72, '630008dd639da7.71460645', 0, '2022-08-19 19:04:13', '', '', 0, ''),
(633, 72, '630008dd645e10.66104593', 0, '2022-08-19 19:04:13', '', '', 0, ''),
(634, 72, '630008dd64e235.85897662', 0, '2022-08-19 19:04:13', '', '', 0, ''),
(635, 72, '630008dd655e83.10327627', 0, '2022-08-19 19:04:13', '', '', 0, ''),
(636, 72, '630008dd65bfa7.79030960', 0, '2022-08-19 19:04:13', '', '', 0, ''),
(637, 72, '630008dd6629f9.65222611', 0, '2022-08-19 19:04:13', '', '', 0, ''),
(638, 72, '630008dd668ce0.21899018', 0, '2022-08-19 19:04:13', '', '', 0, ''),
(639, 72, '630008dd6706d6.91462895', 0, '2022-08-19 19:04:13', '', '', 0, ''),
(640, 72, '630008dd678fc2.18995843', 0, '2022-08-19 19:04:13', '', '', 0, ''),
(641, 72, '630008dd681da6.00480087', 0, '2022-08-19 19:04:13', '', '', 0, ''),
(642, 72, '630008dd6881f6.48276613', 0, '2022-08-19 19:04:13', '', '', 0, ''),
(643, 72, '630008dd68ddd8.18572449', 0, '2022-08-19 19:04:13', '', '', 0, ''),
(644, 72, '630008dd694bc2.08329336', 0, '2022-08-19 19:04:13', '', '', 0, ''),
(645, 72, '630008dd69c2e1.96156621', 0, '2022-08-19 19:04:13', '', '', 0, ''),
(646, 72, '630008dd6a1c51.02686315', 0, '2022-08-19 19:04:13', '', '', 0, ''),
(647, 72, '630008dd6a8d00.42273270', 0, '2022-08-19 19:04:13', '', '', 0, ''),
(648, 72, '630008dd6b0152.86743315', 0, '2022-08-19 19:04:13', '', '', 0, '');
INSERT INTO `entradas` (`id`, `idp`, `uniqueid`, `vendida`, `fechagen`, `fechaven`, `fechaexe`, `idpersona`, `logpago`) VALUES
(649, 72, '630008dd6b6b78.47154984', 0, '2022-08-19 19:04:13', '', '', 0, ''),
(650, 72, '630008dd6c2417.35723964', 0, '2022-08-19 19:04:13', '', '', 0, ''),
(651, 72, '630008dd6c9e79.13092730', 0, '2022-08-19 19:04:13', '', '', 0, ''),
(652, 72, '630008dd6d0ff8.90864376', 0, '2022-08-19 19:04:13', '', '', 0, ''),
(653, 72, '630008dd6d72c2.97087920', 0, '2022-08-19 19:04:13', '', '', 0, ''),
(654, 72, '630008dd6de4d7.46839745', 0, '2022-08-19 19:04:13', '', '', 0, ''),
(655, 72, '630008dd6e6f43.91196467', 0, '2022-08-19 19:04:13', '', '', 0, ''),
(656, 72, '630008dd6ee7f0.46554709', 0, '2022-08-19 19:04:13', '', '', 0, ''),
(657, 72, '630008dd6f4fd5.27320969', 0, '2022-08-19 19:04:13', '', '', 0, ''),
(658, 72, '630008dd6fccb4.44843422', 0, '2022-08-19 19:04:13', '', '', 0, ''),
(659, 72, '630008dd7059b3.10742080', 0, '2022-08-19 19:04:13', '', '', 0, ''),
(660, 72, '630008dd70c2e9.84897002', 0, '2022-08-19 19:04:13', '', '', 0, ''),
(661, 72, '630008dd7137e3.88307537', 0, '2022-08-19 19:04:13', '', '', 0, ''),
(662, 72, '630008dd71ae83.29772110', 0, '2022-08-19 19:04:13', '', '', 0, ''),
(663, 72, '630008dd721d56.72296349', 0, '2022-08-19 19:04:13', '', '', 0, ''),
(664, 72, '630008dd729265.02906313', 0, '2022-08-19 19:04:13', '', '', 0, ''),
(665, 72, '630008dd730856.76642456', 0, '2022-08-19 19:04:13', '', '', 0, ''),
(666, 71, '630008dd737944.67208652', 0, '2022-08-19 19:04:13', '', '', 0, ''),
(667, 71, '630008dd744045.69881253', 0, '2022-08-19 19:04:13', '', '', 0, ''),
(668, 71, '630008dd74b934.16957065', 0, '2022-08-19 19:04:13', '', '', 0, ''),
(669, 71, '630008dd753b48.48511368', 0, '2022-08-19 19:04:13', '', '', 0, ''),
(670, 71, '630008dd75ae05.09636708', 0, '2022-08-19 19:04:13', '', '', 0, ''),
(671, 71, '630008dd7621d0.10069016', 0, '2022-08-19 19:04:13', '', '', 0, ''),
(672, 71, '630008dd769f67.43943109', 0, '2022-08-19 19:04:13', '', '', 0, ''),
(673, 71, '630008dd7712c0.27206685', 0, '2022-08-19 19:04:13', '', '', 0, ''),
(674, 71, '630008dd778bd1.27958679', 0, '2022-08-19 19:04:13', '', '', 0, ''),
(675, 71, '630008dd7805f4.00057049', 0, '2022-08-19 19:04:13', '', '', 0, ''),
(676, 71, '630008dd789bf1.43795760', 0, '2022-08-19 19:04:13', '', '', 0, ''),
(677, 71, '630008dd791404.55751531', 0, '2022-08-19 19:04:13', '', '', 0, ''),
(678, 71, '630008dd798ef9.26231613', 0, '2022-08-19 19:04:13', '', '', 0, ''),
(679, 71, '630008dd79e8d1.31104897', 0, '2022-08-19 19:04:13', '', '', 0, ''),
(680, 71, '630008dd7a59e3.46735314', 0, '2022-08-19 19:04:13', '', '', 0, ''),
(681, 71, '630008dd7ac7c7.03398523', 0, '2022-08-19 19:04:13', '', '', 0, ''),
(682, 71, '630008dd7b3537.60920627', 0, '2022-08-19 19:04:13', '', '', 0, ''),
(683, 71, '630008dd7bab57.76317862', 0, '2022-08-19 19:04:13', '', '', 0, ''),
(684, 71, '630008dd7c5210.21789061', 0, '2022-08-19 19:04:13', '', '', 0, ''),
(685, 71, '630008dd7cc290.60987286', 0, '2022-08-19 19:04:13', '', '', 0, ''),
(686, 71, '630008dd7d2d25.38024139', 0, '2022-08-19 19:04:13', '', '', 0, ''),
(687, 71, '630008dd7d9fa5.32007562', 0, '2022-08-19 19:04:13', '', '', 0, ''),
(688, 71, '630008dd7e0f37.68844562', 0, '2022-08-19 19:04:13', '', '', 0, ''),
(689, 71, '630008dd7e84d0.76212563', 0, '2022-08-19 19:04:13', '', '', 0, ''),
(690, 71, '630008dd7efc02.12858256', 0, '2022-08-19 19:04:13', '', '', 0, ''),
(691, 71, '630008dd7f7185.76915470', 0, '2022-08-19 19:04:13', '', '', 0, ''),
(692, 71, '630008dd7fee62.48452071', 0, '2022-08-19 19:04:13', '', '', 0, ''),
(693, 71, '630008dd8096c5.38457567', 0, '2022-08-19 19:04:13', '', '', 0, ''),
(694, 71, '630008dd810963.67455631', 0, '2022-08-19 19:04:13', '', '', 0, ''),
(695, 71, '630008dd817b41.98405799', 0, '2022-08-19 19:04:13', '', '', 0, ''),
(696, 71, '630008dd81e7b3.41513465', 0, '2022-08-19 19:04:13', '', '', 0, ''),
(697, 71, '630008dd825c53.71745071', 0, '2022-08-19 19:04:13', '', '', 0, ''),
(698, 71, '630008dd82ce29.24710900', 0, '2022-08-19 19:04:13', '', '', 0, ''),
(699, 71, '630008dd833e95.55890539', 0, '2022-08-19 19:04:13', '', '', 0, ''),
(700, 71, '630008dd83b3a6.34093271', 0, '2022-08-19 19:04:13', '', '', 0, ''),
(701, 71, '630008dd844d22.59408042', 0, '2022-08-19 19:04:13', '', '', 0, ''),
(702, 71, '630008dd84d418.76517008', 0, '2022-08-19 19:04:13', '', '', 0, ''),
(703, 71, '630008dd854a40.70638352', 0, '2022-08-19 19:04:13', '', '', 0, ''),
(704, 71, '630008dd85bdc1.47537425', 0, '2022-08-19 19:04:13', '', '', 0, ''),
(705, 71, '630008dd863694.41983211', 0, '2022-08-19 19:04:13', '', '', 0, ''),
(706, 71, '630008dd86aff6.29365886', 0, '2022-08-19 19:04:13', '', '', 0, ''),
(707, 71, '630008dd871d63.21605719', 0, '2022-08-19 19:04:13', '', '', 0, ''),
(708, 71, '630008dd878ac6.73801544', 0, '2022-08-19 19:04:13', '', '', 0, ''),
(709, 71, '630008dd87f4d0.54730418', 0, '2022-08-19 19:04:13', '', '', 0, ''),
(710, 71, '630008dd888335.59493543', 0, '2022-08-19 19:04:13', '', '', 0, ''),
(711, 71, '630008dd890300.55249803', 0, '2022-08-19 19:04:13', '', '', 0, ''),
(712, 71, '630008dd897920.78436147', 0, '2022-08-19 19:04:13', '', '', 0, ''),
(713, 71, '630008dd89f042.43793599', 0, '2022-08-19 19:04:13', '', '', 0, ''),
(714, 71, '630008dd8a5da7.74660434', 0, '2022-08-19 19:04:13', '', '', 0, ''),
(715, 71, '630008dd8ad4d6.91698304', 0, '2022-08-19 19:04:13', '', '', 0, ''),
(716, 71, '630008dd8b46e6.50950630', 0, '2022-08-19 19:04:13', '', '', 0, ''),
(717, 71, '630008dd8bbd17.86326387', 0, '2022-08-19 19:04:13', '', '', 0, ''),
(718, 71, '630008dd8c3512.47509179', 0, '2022-08-19 19:04:13', '', '', 0, ''),
(719, 71, '630008dd8cd8e7.09532494', 0, '2022-08-19 19:04:13', '', '', 0, ''),
(720, 71, '630008dd8d50d9.36801032', 0, '2022-08-19 19:04:13', '', '', 0, ''),
(721, 71, '630008dd8da8b2.58283095', 0, '2022-08-19 19:04:13', '', '', 0, ''),
(722, 71, '630008dd8e03e4.79441972', 0, '2022-08-19 19:04:13', '', '', 0, ''),
(723, 71, '630008dd8e71d4.51837449', 0, '2022-08-19 19:04:13', '', '', 0, ''),
(724, 71, '630008dd8edb36.71715864', 0, '2022-08-19 19:04:13', '', '', 0, ''),
(725, 71, '630008dd8f4b04.51147763', 0, '2022-08-19 19:04:13', '', '', 0, ''),
(726, 71, '630008dd8fb738.95364987', 0, '2022-08-19 19:04:13', '', '', 0, ''),
(727, 71, '630008dd9026a5.42708953', 0, '2022-08-19 19:04:13', '', '', 0, ''),
(728, 71, '630008dd90bfa1.15582302', 0, '2022-08-19 19:04:13', '', '', 0, ''),
(729, 71, '630008dd913d71.90133281', 0, '2022-08-19 19:04:13', '', '', 0, ''),
(730, 71, '630008dd9196c6.05602929', 0, '2022-08-19 19:04:13', '', '', 0, ''),
(731, 71, '630008dd91f375.59143379', 0, '2022-08-19 19:04:13', '', '', 0, ''),
(732, 71, '630008dd9262c5.20495478', 0, '2022-08-19 19:04:13', '', '', 0, ''),
(733, 71, '630008dd92ca79.76561565', 0, '2022-08-19 19:04:13', '', '', 0, ''),
(734, 71, '630008dd933470.98242178', 0, '2022-08-19 19:04:13', '', '', 0, ''),
(735, 71, '630008dd93b101.04986251', 0, '2022-08-19 19:04:13', '', '', 0, ''),
(736, 71, '630008dd941f78.38615025', 0, '2022-08-19 19:04:13', '', '', 0, ''),
(737, 71, '630008dd94b2c5.13290736', 0, '2022-08-19 19:04:13', '', '', 0, ''),
(738, 71, '630008dd953990.06447595', 0, '2022-08-19 19:04:13', '', '', 0, ''),
(739, 71, '630008dd959ac1.01231912', 0, '2022-08-19 19:04:13', '', '', 0, ''),
(740, 71, '630008dd961096.45194005', 0, '2022-08-19 19:04:13', '', '', 0, ''),
(741, 71, '630008dd968a14.37184612', 0, '2022-08-19 19:04:13', '', '', 0, ''),
(742, 71, '630008dd96fac5.19108497', 0, '2022-08-19 19:04:13', '', '', 0, ''),
(743, 71, '630008dd976b53.09030911', 0, '2022-08-19 19:04:13', '', '', 0, ''),
(744, 71, '630008dd97def6.46027460', 0, '2022-08-19 19:04:13', '', '', 0, ''),
(745, 71, '630008dd984215.65671032', 0, '2022-08-19 19:04:13', '', '', 0, ''),
(746, 71, '630008dd98cdf4.66668410', 0, '2022-08-19 19:04:13', '', '', 0, ''),
(747, 71, '630008dd9948d7.19121923', 0, '2022-08-19 19:04:13', '', '', 0, ''),
(748, 71, '630008dd99a339.55927413', 0, '2022-08-19 19:04:13', '', '', 0, ''),
(749, 71, '630008dd9a0e50.29820120', 0, '2022-08-19 19:04:13', '', '', 0, ''),
(750, 71, '630008dd9a8568.89263194', 0, '2022-08-19 19:04:13', '', '', 0, ''),
(751, 71, '630008dd9ae5f1.09046282', 0, '2022-08-19 19:04:13', '', '', 0, ''),
(752, 71, '630008dd9b4868.12341923', 0, '2022-08-19 19:04:13', '', '', 0, ''),
(753, 71, '630008dd9bc5d6.39498953', 0, '2022-08-19 19:04:13', '', '', 0, ''),
(754, 71, '630008dd9c3db1.48256977', 0, '2022-08-19 19:04:13', '', '', 0, ''),
(755, 71, '630008dd9cd0e9.41023612', 0, '2022-08-19 19:04:13', '', '', 0, ''),
(756, 71, '630008dd9d4e64.22888402', 0, '2022-08-19 19:04:13', '', '', 0, ''),
(757, 71, '630008dd9daa78.78942901', 0, '2022-08-19 19:04:13', '', '', 0, ''),
(758, 71, '630008dd9e1823.48950086', 0, '2022-08-19 19:04:13', '', '', 0, ''),
(759, 71, '630008dd9eab11.85864461', 0, '2022-08-19 19:04:13', '', '', 0, ''),
(760, 71, '630008dd9f4342.83098103', 0, '2022-08-19 19:04:13', '', '', 0, ''),
(761, 71, '630008dd9fda07.32036819', 0, '2022-08-19 19:04:13', '', '', 0, ''),
(762, 71, '630008dda05d75.17650921', 0, '2022-08-19 19:04:13', '', '', 0, ''),
(763, 71, '630008dda0fab0.02691425', 0, '2022-08-19 19:04:13', '', '', 0, ''),
(764, 71, '630008dda17410.28732229', 0, '2022-08-19 19:04:13', '', '', 0, ''),
(765, 71, '630008dda1ce98.47553644', 0, '2022-08-19 19:04:13', '', '', 0, ''),
(766, 71, '630008dda23b80.43257583', 0, '2022-08-19 19:04:13', '', '', 0, ''),
(767, 71, '630008dda2a5f1.73838003', 0, '2022-08-19 19:04:13', '', '', 0, ''),
(768, 71, '630008dda31dd9.65204697', 0, '2022-08-19 19:04:13', '', '', 0, ''),
(769, 71, '630008dda39851.41323566', 0, '2022-08-19 19:04:13', '', '', 0, ''),
(770, 71, '630008dda40693.23979991', 0, '2022-08-19 19:04:13', '', '', 0, ''),
(771, 71, '630008dda46d67.88821037', 0, '2022-08-19 19:04:13', '', '', 0, ''),
(772, 71, '630008dda4f272.31315662', 0, '2022-08-19 19:04:13', '', '', 0, ''),
(773, 71, '630008dda578f8.12402202', 0, '2022-08-19 19:04:13', '', '', 0, ''),
(774, 71, '630008dda5d1c3.34504005', 0, '2022-08-19 19:04:13', '', '', 0, ''),
(775, 71, '630008dda64545.40477793', 0, '2022-08-19 19:04:13', '', '', 0, ''),
(776, 71, '630008dda6b706.22467977', 0, '2022-08-19 19:04:13', '', '', 0, ''),
(777, 71, '630008dda73123.95973697', 0, '2022-08-19 19:04:13', '', '', 0, ''),
(778, 71, '630008dda7a6c5.74378037', 0, '2022-08-19 19:04:13', '', '', 0, ''),
(779, 71, '630008dda81c52.09474336', 0, '2022-08-19 19:04:13', '', '', 0, ''),
(780, 71, '630008dda87ef9.65687891', 0, '2022-08-19 19:04:13', '', '', 0, ''),
(781, 71, '630008dda904b7.20130178', 0, '2022-08-19 19:04:13', '', '', 0, ''),
(782, 71, '630008dda98400.34000864', 0, '2022-08-19 19:04:13', '', '', 0, ''),
(783, 71, '630008dda9ed90.74692245', 0, '2022-08-19 19:04:13', '', '', 0, ''),
(784, 71, '630008ddaa5833.23851018', 0, '2022-08-19 19:04:13', '', '', 0, ''),
(785, 71, '630008ddaacea4.84163120', 0, '2022-08-19 19:04:13', '', '', 0, ''),
(786, 71, '630008ddab3fa9.07462697', 0, '2022-08-19 19:04:13', '', '', 0, ''),
(787, 71, '630008ddabb105.30994123', 0, '2022-08-19 19:04:13', '', '', 0, ''),
(788, 71, '630008ddac21c6.74642027', 0, '2022-08-19 19:04:13', '', '', 0, ''),
(789, 71, '630008ddac8199.71284662', 0, '2022-08-19 19:04:13', '', '', 0, ''),
(790, 71, '630008ddad1803.05723906', 0, '2022-08-19 19:04:13', '', '', 0, ''),
(791, 71, '630008ddada605.09801221', 0, '2022-08-19 19:04:13', '', '', 0, ''),
(792, 71, '630008ddae1178.66143989', 0, '2022-08-19 19:04:13', '', '', 0, ''),
(793, 71, '630008ddaeb058.20042250', 0, '2022-08-19 19:04:13', '', '', 0, ''),
(794, 71, '630008ddaf3d40.27010137', 0, '2022-08-19 19:04:13', '', '', 0, ''),
(795, 71, '630008ddafbfa1.49885905', 0, '2022-08-19 19:04:13', '', '', 0, ''),
(796, 71, '630008ddb612a4.42124790', 0, '2022-08-19 19:04:13', '', '', 0, ''),
(797, 71, '630008ddb691a8.50288696', 0, '2022-08-19 19:04:13', '', '', 0, ''),
(798, 71, '630008ddb6f800.44667579', 0, '2022-08-19 19:04:13', '', '', 0, ''),
(799, 71, '630008ddb761d2.58436759', 0, '2022-08-19 19:04:13', '', '', 0, ''),
(800, 71, '630008ddb7daa2.56795453', 0, '2022-08-19 19:04:13', '', '', 0, ''),
(801, 71, '630008ddb84cd8.49766004', 0, '2022-08-19 19:04:13', '', '', 0, ''),
(802, 71, '630008ddb8bb51.08737832', 0, '2022-08-19 19:04:13', '', '', 0, ''),
(803, 71, '630008ddb94617.90510533', 0, '2022-08-19 19:04:13', '', '', 0, ''),
(804, 71, '630008ddb9cb03.55873545', 0, '2022-08-19 19:04:13', '', '', 0, ''),
(805, 71, '630008ddba32d4.46988335', 0, '2022-08-19 19:04:13', '', '', 0, ''),
(806, 71, '630008ddba8948.09358259', 0, '2022-08-19 19:04:13', '', '', 0, ''),
(807, 71, '630008ddbaf579.00864703', 0, '2022-08-19 19:04:13', '', '', 0, ''),
(808, 71, '630008ddbb6856.34570355', 0, '2022-08-19 19:04:13', '', '', 0, ''),
(809, 71, '630008ddbbd9a5.46208516', 0, '2022-08-19 19:04:13', '', '', 0, ''),
(810, 71, '630008ddbc47d0.36076347', 0, '2022-08-19 19:04:13', '', '', 0, ''),
(811, 71, '630008ddbcbb25.06694691', 0, '2022-08-19 19:04:13', '', '', 0, ''),
(812, 71, '630008ddbd4639.26997518', 0, '2022-08-19 19:04:13', '', '', 0, ''),
(813, 71, '630008ddbdcea4.08315683', 0, '2022-08-19 19:04:13', '', '', 0, ''),
(814, 71, '630008ddbe46a0.29789345', 0, '2022-08-19 19:04:13', '', '', 0, ''),
(815, 71, '630008ddbeb043.42294855', 0, '2022-08-19 19:04:13', '', '', 0, ''),
(816, 71, '630008ddbf18a3.20327117', 0, '2022-08-19 19:04:13', '', '', 0, ''),
(817, 71, '630008ddbf8a01.55446071', 0, '2022-08-19 19:04:13', '', '', 0, ''),
(818, 71, '630008ddbffa29.01984496', 0, '2022-08-19 19:04:13', '', '', 0, ''),
(819, 71, '630008ddc06321.39306367', 0, '2022-08-19 19:04:13', '', '', 0, ''),
(820, 71, '630008ddc0be45.83309802', 0, '2022-08-19 19:04:13', '', '', 0, ''),
(821, 71, '630008ddc12de5.85598186', 0, '2022-08-19 19:04:13', '', '', 0, ''),
(822, 71, '630008ddc1c9c1.33345431', 0, '2022-08-19 19:04:13', '', '', 0, ''),
(823, 71, '630008ddc22c41.84805231', 0, '2022-08-19 19:04:13', '', '', 0, ''),
(824, 71, '630008ddc29a59.74449085', 0, '2022-08-19 19:04:13', '', '', 0, ''),
(825, 71, '630008ddc2fd60.78638404', 0, '2022-08-19 19:04:13', '', '', 0, ''),
(826, 71, '630008ddc367c6.09349985', 0, '2022-08-19 19:04:13', '', '', 0, ''),
(827, 71, '630008ddc3cb14.19268910', 0, '2022-08-19 19:04:13', '', '', 0, ''),
(828, 71, '630008ddc435a9.25932038', 0, '2022-08-19 19:04:13', '', '', 0, ''),
(829, 71, '630008ddc4a656.97067897', 0, '2022-08-19 19:04:13', '', '', 0, ''),
(830, 71, '630008ddc51682.14317086', 0, '2022-08-19 19:04:13', '', '', 0, ''),
(831, 71, '630008ddc5a9c9.35893591', 0, '2022-08-19 19:04:13', '', '', 0, ''),
(832, 71, '630008ddc63cb6.19403472', 0, '2022-08-19 19:04:13', '', '', 0, ''),
(833, 71, '630008ddc6a482.48687583', 0, '2022-08-19 19:04:13', '', '', 0, ''),
(834, 71, '630008ddc71138.09436358', 0, '2022-08-19 19:04:13', '', '', 0, ''),
(835, 71, '630008ddc77358.60209613', 0, '2022-08-19 19:04:13', '', '', 0, ''),
(836, 71, '630008ddc7dc29.40419228', 0, '2022-08-19 19:04:13', '', '', 0, ''),
(837, 71, '630008ddc85051.21962980', 0, '2022-08-19 19:04:13', '', '', 0, ''),
(838, 71, '630008ddc8b2f0.99256964', 0, '2022-08-19 19:04:13', '', '', 0, ''),
(839, 71, '630008ddc91f25.09947438', 0, '2022-08-19 19:04:13', '', '', 0, ''),
(840, 71, '630008ddc99ec4.45820955', 0, '2022-08-19 19:04:13', '', '', 0, ''),
(841, 71, '630008ddca1a03.49614458', 0, '2022-08-19 19:04:13', '', '', 0, ''),
(842, 71, '630008ddca7cd3.45203715', 0, '2022-08-19 19:04:13', '', '', 0, ''),
(843, 71, '630008ddcae5b3.10336456', 0, '2022-08-19 19:04:13', '', '', 0, ''),
(844, 71, '630008ddcb5d92.25412962', 0, '2022-08-19 19:04:13', '', '', 0, ''),
(845, 71, '630008ddcbbff5.28231869', 0, '2022-08-19 19:04:13', '', '', 0, ''),
(846, 71, '630008ddcc2a47.48434527', 0, '2022-08-19 19:04:13', '', '', 0, ''),
(847, 71, '630008ddcc9474.06934139', 0, '2022-08-19 19:04:13', '', '', 0, ''),
(848, 71, '630008ddccfef5.32629195', 0, '2022-08-19 19:04:13', '', '', 0, ''),
(849, 71, '630008ddcd8277.22197550', 0, '2022-08-19 19:04:13', '', '', 0, ''),
(850, 71, '630008ddce1b33.68584317', 0, '2022-08-19 19:04:13', '', '', 0, ''),
(851, 71, '630008ddce8471.25565911', 0, '2022-08-19 19:04:13', '', '', 0, ''),
(852, 71, '630008ddceee21.51054290', 0, '2022-08-19 19:04:13', '', '', 0, ''),
(853, 71, '630008ddcf6088.43854576', 0, '2022-08-19 19:04:13', '', '', 0, ''),
(854, 71, '630008ddcfcf57.58992106', 0, '2022-08-19 19:04:13', '', '', 0, ''),
(855, 71, '630008ddd03f95.67659670', 0, '2022-08-19 19:04:13', '', '', 0, ''),
(856, 71, '630008ddd0b067.22722137', 0, '2022-08-19 19:04:13', '', '', 0, ''),
(857, 71, '630008ddd122b3.32390492', 0, '2022-08-19 19:04:13', '', '', 0, ''),
(858, 71, '630008ddd1a376.71779933', 0, '2022-08-19 19:04:13', '', '', 0, ''),
(859, 71, '630008ddd23d50.87587393', 0, '2022-08-19 19:04:13', '', '', 0, ''),
(860, 71, '630008ddd2ace2.83556204', 0, '2022-08-19 19:04:13', '', '', 0, ''),
(861, 71, '630008ddd39533.53211135', 0, '2022-08-19 19:04:13', '', '', 0, ''),
(862, 71, '630008ddd426e0.74076375', 0, '2022-08-19 19:04:13', '', '', 0, ''),
(863, 71, '630008ddd4c073.93157489', 0, '2022-08-19 19:04:13', '', '', 0, ''),
(864, 71, '630008ddd54106.03996702', 0, '2022-08-19 19:04:13', '', '', 0, ''),
(865, 71, '630008ddd5c540.32588400', 0, '2022-08-19 19:04:13', '', '', 0, ''),
(866, 119, '63038e343fa0e8.24079627', 0, '2022-08-22 11:09:56', '', '', 0, ''),
(867, 119, '63038e344126f9.29629521', 0, '2022-08-22 11:09:56', '', '', 0, ''),
(868, 119, '63038e3441cf28.19387879', 0, '2022-08-22 11:09:56', '', '', 0, ''),
(869, 119, '63038e344252f8.04415942', 0, '2022-08-22 11:09:56', '', '', 0, ''),
(870, 119, '63038e3442f8e2.50851943', 0, '2022-08-22 11:09:56', '', '', 0, ''),
(871, 119, '63038e34438479.36800467', 0, '2022-08-22 11:09:56', '', '', 0, ''),
(872, 119, '63038e34441c77.03593886', 0, '2022-08-22 11:09:56', '', '', 0, ''),
(873, 119, '63038e34449005.75512407', 0, '2022-08-22 11:09:56', '', '', 0, ''),
(874, 119, '63038e344511b0.36938256', 0, '2022-08-22 11:09:56', '', '', 0, ''),
(875, 119, '63038e3445b272.40347413', 0, '2022-08-22 11:09:56', '', '', 0, ''),
(876, 119, '63038e344642c7.87301090', 0, '2022-08-22 11:09:56', '', '', 0, ''),
(877, 119, '63038e3446e5f5.24429502', 0, '2022-08-22 11:09:56', '', '', 0, ''),
(878, 119, '63038e344792b4.63514247', 0, '2022-08-22 11:09:56', '', '', 0, ''),
(879, 119, '63038e344810c0.65496435', 0, '2022-08-22 11:09:56', '', '', 0, ''),
(880, 119, '63038e34488817.45174467', 0, '2022-08-22 11:09:56', '', '', 0, ''),
(881, 119, '63038e34491827.00961312', 0, '2022-08-22 11:09:56', '', '', 0, ''),
(882, 119, '63038e34499a47.28552058', 0, '2022-08-22 11:09:56', '', '', 0, ''),
(883, 119, '63038e344a07a3.15944008', 0, '2022-08-22 11:09:56', '', '', 0, ''),
(884, 119, '63038e344a70d9.49992772', 0, '2022-08-22 11:09:56', '', '', 0, ''),
(885, 119, '63038e344ae4c3.65271447', 0, '2022-08-22 11:09:56', '', '', 0, ''),
(886, 119, '63038e344b4e81.76245810', 0, '2022-08-22 11:09:56', '', '', 0, ''),
(887, 119, '63038e344bd816.51040026', 0, '2022-08-22 11:09:56', '', '', 0, ''),
(888, 119, '63038e344c4640.11476747', 0, '2022-08-22 11:09:56', '', '', 0, ''),
(889, 119, '63038e344cb930.24477912', 0, '2022-08-22 11:09:56', '', '', 0, ''),
(890, 119, '63038e344d58d3.43185387', 0, '2022-08-22 11:09:56', '', '', 0, ''),
(891, 119, '63038e344ddc72.75206755', 0, '2022-08-22 11:09:56', '', '', 0, ''),
(892, 119, '63038e344e4f64.26431493', 0, '2022-08-22 11:09:56', '', '', 0, ''),
(893, 119, '63038e344ec8d9.04281961', 0, '2022-08-22 11:09:56', '', '', 0, ''),
(894, 119, '63038e344f2ae8.34234769', 0, '2022-08-22 11:09:56', '', '', 0, ''),
(895, 119, '63038e344fa4d9.08023979', 0, '2022-08-22 11:09:56', '', '', 0, ''),
(896, 119, '63038e34503a87.80551068', 0, '2022-08-22 11:09:56', '', '', 0, ''),
(897, 119, '63038e3450b9f6.32362913', 0, '2022-08-22 11:09:56', '', '', 0, ''),
(898, 119, '63038e345151a8.14381007', 0, '2022-08-22 11:09:56', '', '', 0, ''),
(899, 119, '63038e3451c775.74344673', 0, '2022-08-22 11:09:56', '', '', 0, ''),
(900, 119, '63038e34524148.48368227', 0, '2022-08-22 11:09:56', '', '', 0, ''),
(901, 119, '63038e3452bfa0.20452151', 0, '2022-08-22 11:09:56', '', '', 0, ''),
(902, 119, '63038e34532d58.21646625', 0, '2022-08-22 11:09:56', '', '', 0, ''),
(903, 119, '63038e345398a4.76493614', 0, '2022-08-22 11:09:56', '', '', 0, ''),
(904, 119, '63038e34540c15.82303792', 0, '2022-08-22 11:09:56', '', '', 0, ''),
(905, 119, '63038e345477d1.06043217', 0, '2022-08-22 11:09:56', '', '', 0, ''),
(906, 119, '63038e34551724.79723888', 0, '2022-08-22 11:09:56', '', '', 0, ''),
(907, 119, '63038e34559e23.38086678', 0, '2022-08-22 11:09:56', '', '', 0, ''),
(908, 119, '63038e3455fb97.18881579', 0, '2022-08-22 11:09:56', '', '', 0, ''),
(909, 119, '63038e345666a1.57613762', 0, '2022-08-22 11:09:56', '', '', 0, ''),
(910, 119, '63038e3456dfe7.56038088', 0, '2022-08-22 11:09:56', '', '', 0, ''),
(911, 119, '63038e34574273.99738008', 0, '2022-08-22 11:09:56', '', '', 0, ''),
(912, 119, '63038e3457c121.38566587', 0, '2022-08-22 11:09:56', '', '', 0, ''),
(913, 119, '63038e34583146.21821040', 0, '2022-08-22 11:09:56', '', '', 0, ''),
(914, 119, '63038e345ccdb7.43812785', 0, '2022-08-22 11:09:56', '', '', 0, ''),
(915, 119, '63038e345d6c77.57384862', 0, '2022-08-22 11:09:56', '', '', 0, ''),
(916, 119, '63038e345ddbd1.23609523', 0, '2022-08-22 11:09:56', '', '', 0, ''),
(917, 119, '63038e345e3af4.45877968', 0, '2022-08-22 11:09:56', '', '', 0, ''),
(918, 119, '63038e345eacf4.98288122', 0, '2022-08-22 11:09:56', '', '', 0, ''),
(919, 119, '63038e345f2e81.18559199', 0, '2022-08-22 11:09:56', '', '', 0, ''),
(920, 119, '63038e345fa5d4.37361412', 0, '2022-08-22 11:09:56', '', '', 0, ''),
(921, 119, '63038e34601a57.11528863', 0, '2022-08-22 11:09:56', '', '', 0, ''),
(922, 119, '63038e34608689.35234085', 0, '2022-08-22 11:09:56', '', '', 0, ''),
(923, 119, '63038e34611f27.42928661', 0, '2022-08-22 11:09:56', '', '', 0, ''),
(924, 119, '63038e3461d2d3.24286564', 0, '2022-08-22 11:09:56', '', '', 0, ''),
(925, 119, '63038e34625c26.21006718', 0, '2022-08-22 11:09:56', '', '', 0, ''),
(926, 119, '63038e3462c310.95512839', 0, '2022-08-22 11:09:56', '', '', 0, ''),
(927, 119, '63038e346330e6.42556972', 0, '2022-08-22 11:09:56', '', '', 0, ''),
(928, 119, '63038e34639821.86475188', 0, '2022-08-22 11:09:56', '', '', 0, ''),
(929, 119, '63038e34641373.07845158', 0, '2022-08-22 11:09:56', '', '', 0, ''),
(930, 119, '63038e34648281.92647338', 0, '2022-08-22 11:09:56', '', '', 0, ''),
(931, 119, '63038e346501a3.88966697', 0, '2022-08-22 11:09:56', '', '', 0, ''),
(932, 119, '63038e346584c8.04286690', 0, '2022-08-22 11:09:56', '', '', 0, ''),
(933, 119, '63038e3465f7c0.40447900', 0, '2022-08-22 11:09:56', '', '', 0, ''),
(934, 119, '63038e346bf265.36518186', 0, '2022-08-22 11:09:56', '', '', 0, ''),
(935, 119, '63038e346c74a5.99451738', 0, '2022-08-22 11:09:56', '', '', 0, ''),
(936, 119, '63038e346cf503.71012986', 0, '2022-08-22 11:09:56', '', '', 0, ''),
(937, 119, '63038e346d9f16.37836270', 0, '2022-08-22 11:09:56', '', '', 0, ''),
(938, 119, '63038e346e2464.37677671', 0, '2022-08-22 11:09:56', '', '', 0, ''),
(939, 119, '63038e346ea243.18014890', 0, '2022-08-22 11:09:56', '', '', 0, ''),
(940, 119, '63038e346f1af4.02158730', 0, '2022-08-22 11:09:56', '', '', 0, ''),
(941, 119, '63038e346fad63.20966825', 0, '2022-08-22 11:09:56', '', '', 0, ''),
(942, 119, '63038e34702bf8.81963108', 0, '2022-08-22 11:09:56', '', '', 0, ''),
(943, 119, '63038e3470a375.47273525', 0, '2022-08-22 11:09:56', '', '', 0, ''),
(944, 119, '63038e34711697.97787949', 0, '2022-08-22 11:09:56', '', '', 0, ''),
(945, 119, '63038e3471a785.85011066', 0, '2022-08-22 11:09:56', '', '', 0, ''),
(946, 119, '63038e34722fa8.76702379', 0, '2022-08-22 11:09:56', '', '', 0, ''),
(947, 119, '63038e3472a811.77125980', 0, '2022-08-22 11:09:56', '', '', 0, ''),
(948, 119, '63038e34730537.22661283', 0, '2022-08-22 11:09:56', '', '', 0, ''),
(949, 119, '63038e347375d2.23971831', 0, '2022-08-22 11:09:56', '', '', 0, ''),
(950, 119, '63038e3473d995.94668623', 0, '2022-08-22 11:09:56', '', '', 0, ''),
(951, 119, '63038e347470b1.65785454', 0, '2022-08-22 11:09:56', '', '', 0, ''),
(952, 119, '63038e3474de61.43698479', 0, '2022-08-22 11:09:56', '', '', 0, ''),
(953, 119, '63038e34755418.73861726', 0, '2022-08-22 11:09:56', '', '', 0, ''),
(954, 119, '63038e3475df02.08935573', 0, '2022-08-22 11:09:56', '', '', 0, ''),
(955, 119, '63038e34765535.66340336', 0, '2022-08-22 11:09:56', '', '', 0, ''),
(956, 119, '63038e3476d8d5.91076997', 0, '2022-08-22 11:09:56', '', '', 0, ''),
(957, 119, '63038e34776597.98236530', 0, '2022-08-22 11:09:56', '', '', 0, ''),
(958, 119, '63038e3477eaa7.35693530', 0, '2022-08-22 11:09:56', '', '', 0, ''),
(959, 119, '63038e34786354.93261342', 0, '2022-08-22 11:09:56', '', '', 0, ''),
(960, 119, '63038e3478cc26.05924849', 0, '2022-08-22 11:09:56', '', '', 0, ''),
(961, 119, '63038e34793b94.85704416', 0, '2022-08-22 11:09:56', '', '', 0, ''),
(962, 119, '63038e3479cbf7.08129274', 0, '2022-08-22 11:09:56', '', '', 0, ''),
(963, 119, '63038e347a3e86.35119946', 0, '2022-08-22 11:09:56', '', '', 0, ''),
(964, 119, '63038e347a93f7.24811421', 0, '2022-08-22 11:09:56', '', '', 0, ''),
(965, 119, '63038e347b0bb1.04545696', 0, '2022-08-22 11:09:56', '', '', 0, ''),
(966, 120, '63038e347b86a7.32571060', 0, '2022-08-22 11:09:56', '', '', 0, ''),
(967, 120, '63038e347c00d5.24234857', 0, '2022-08-22 11:09:56', '', '', 0, ''),
(968, 120, '63038e347c7d92.88993532', 0, '2022-08-22 11:09:56', '', '', 0, ''),
(969, 120, '63038e347ce1e0.73449719', 0, '2022-08-22 11:09:56', '', '', 0, ''),
(970, 120, '63038e347d58e9.56321826', 0, '2022-08-22 11:09:56', '', '', 0, ''),
(971, 120, '63038e347dcec5.55182870', 0, '2022-08-22 11:09:56', '', '', 0, ''),
(972, 120, '63038e347e5115.54165117', 0, '2022-08-22 11:09:56', '', '', 0, ''),
(973, 120, '63038e347ec2d6.43869493', 0, '2022-08-22 11:09:56', '', '', 0, ''),
(974, 120, '63038e347f1ec5.90385539', 0, '2022-08-22 11:09:56', '', '', 0, ''),
(975, 120, '63038e347f8de3.99719493', 0, '2022-08-22 11:09:56', '', '', 0, ''),
(976, 120, '63038e34800821.62355939', 0, '2022-08-22 11:09:56', '', '', 0, ''),
(977, 120, '63038e34808a28.44866136', 0, '2022-08-22 11:09:56', '', '', 0, ''),
(978, 120, '63038e34810c75.55398983', 0, '2022-08-22 11:09:56', '', '', 0, ''),
(979, 120, '63038e34818dd3.23998405', 0, '2022-08-22 11:09:56', '', '', 0, ''),
(980, 120, '63038e34821165.68320348', 0, '2022-08-22 11:09:56', '', '', 0, ''),
(981, 120, '63038e348278d4.09332324', 0, '2022-08-22 11:09:56', '', '', 0, ''),
(982, 120, '63038e3482d6f5.24957130', 0, '2022-08-22 11:09:56', '', '', 0, ''),
(983, 120, '63038e34833f63.79821397', 0, '2022-08-22 11:09:56', '', '', 0, ''),
(984, 120, '63038e3483a772.21841564', 0, '2022-08-22 11:09:56', '', '', 0, ''),
(985, 120, '63038e34841a05.08827758', 0, '2022-08-22 11:09:56', '', '', 0, ''),
(986, 120, '63038e34849168.51049834', 0, '2022-08-22 11:09:56', '', '', 0, ''),
(987, 120, '63038e348503b9.73455045', 0, '2022-08-22 11:09:56', '', '', 0, ''),
(988, 120, '63038e34857991.24256656', 0, '2022-08-22 11:09:56', '', '', 0, ''),
(989, 120, '63038e3485f586.74991578', 0, '2022-08-22 11:09:56', '', '', 0, ''),
(990, 120, '63038e348663c5.12560881', 0, '2022-08-22 11:09:56', '', '', 0, ''),
(991, 122, '6303de8d437e01.08231945', 0, '2022-08-22 16:52:45', '', '', 0, ''),
(992, 122, '6303de8d48d242.84467519', 0, '2022-08-22 16:52:45', '', '', 0, ''),
(993, 122, '6303de8d4949a1.97347528', 0, '2022-08-22 16:52:45', '', '', 0, ''),
(994, 122, '6303de8d49ba91.28307634', 0, '2022-08-22 16:52:45', '', '', 0, ''),
(995, 122, '6303de8d4a2d51.38455678', 0, '2022-08-22 16:52:45', '', '', 0, ''),
(996, 122, '6303de8d4a8820.71289310', 0, '2022-08-22 16:52:45', '', '', 0, ''),
(997, 122, '6303de8d4af521.03035036', 0, '2022-08-22 16:52:45', '', '', 0, ''),
(998, 122, '6303de8d4b5a70.33053049', 0, '2022-08-22 16:52:45', '', '', 0, ''),
(999, 122, '6303de8d4bc8a5.91329711', 0, '2022-08-22 16:52:45', '', '', 0, ''),
(1000, 122, '6303de8d503a22.66285077', 0, '2022-08-22 16:52:45', '', '', 0, ''),
(1001, 122, '6303de8d50bc20.82307700', 0, '2022-08-22 16:52:45', '', '', 0, ''),
(1002, 122, '6303de8d512ce2.35494940', 0, '2022-08-22 16:52:45', '', '', 0, ''),
(1003, 122, '6303de8d519f61.69973230', 0, '2022-08-22 16:52:45', '', '', 0, ''),
(1004, 122, '6303de8d520b76.16672942', 0, '2022-08-22 16:52:45', '', '', 0, ''),
(1005, 122, '6303de8d5287a8.62407057', 0, '2022-08-22 16:52:45', '', '', 0, ''),
(1006, 122, '6303de8d5302e3.89485316', 0, '2022-08-22 16:52:45', '', '', 0, ''),
(1007, 122, '6303de8d536500.07817710', 0, '2022-08-22 16:52:45', '', '', 0, ''),
(1008, 122, '6303de8d53d159.43157241', 0, '2022-08-22 16:52:45', '', '', 0, ''),
(1009, 122, '6303de8d545399.33083548', 0, '2022-08-22 16:52:45', '', '', 0, ''),
(1010, 122, '6303de8d54f2c2.34933585', 0, '2022-08-22 16:52:45', '', '', 0, ''),
(1011, 122, '6303de8d557b08.13768172', 0, '2022-08-22 16:52:45', '', '', 0, ''),
(1012, 122, '6303de8d55e803.53615963', 0, '2022-08-22 16:52:45', '', '', 0, ''),
(1013, 122, '6303de8d564782.88555753', 0, '2022-08-22 16:52:45', '', '', 0, ''),
(1014, 122, '6303de8d56b6b1.70348584', 0, '2022-08-22 16:52:45', '', '', 0, ''),
(1015, 122, '6303de8d571e33.36186273', 0, '2022-08-22 16:52:45', '', '', 0, ''),
(1016, 122, '6303de8d5c0075.70615940', 0, '2022-08-22 16:52:45', '', '', 0, ''),
(1017, 122, '6303de8d5c8000.15477808', 0, '2022-08-22 16:52:45', '', '', 0, ''),
(1018, 122, '6303de8d5d0437.67613260', 0, '2022-08-22 16:52:45', '', '', 0, ''),
(1019, 122, '6303de8d5d8025.72632164', 0, '2022-08-22 16:52:45', '', '', 0, ''),
(1020, 122, '6303de8d5df7f0.36604540', 0, '2022-08-22 16:52:45', '', '', 0, ''),
(1021, 122, '6303de8d5e71c0.03785018', 0, '2022-08-22 16:52:45', '', '', 0, ''),
(1022, 122, '6303de8d5ee312.56371512', 0, '2022-08-22 16:52:45', '', '', 0, ''),
(1023, 122, '6303de8d5f49d8.56050955', 0, '2022-08-22 16:52:45', '', '', 0, ''),
(1024, 122, '6303de8d5fe423.29924572', 0, '2022-08-22 16:52:45', '', '', 0, ''),
(1025, 122, '6303de8d605027.36263844', 0, '2022-08-22 16:52:45', '', '', 0, ''),
(1026, 122, '6303de8d60c4d5.99100404', 0, '2022-08-22 16:52:45', '', '', 0, ''),
(1027, 122, '6303de8d613a31.09821338', 0, '2022-08-22 16:52:45', '', '', 0, ''),
(1028, 122, '6303de8d619cb9.57334245', 0, '2022-08-22 16:52:45', '', '', 0, ''),
(1029, 122, '6303de8d621995.58283807', 0, '2022-08-22 16:52:45', '', '', 0, ''),
(1030, 122, '6303de8d629561.74599395', 0, '2022-08-22 16:52:45', '', '', 0, ''),
(1031, 122, '6303de8d62f3f5.52320114', 0, '2022-08-22 16:52:45', '', '', 0, ''),
(1032, 122, '6303de8d635960.38121492', 0, '2022-08-22 16:52:45', '', '', 0, ''),
(1033, 122, '6303de8d63e6e2.23931963', 0, '2022-08-22 16:52:45', '', '', 0, ''),
(1034, 122, '6303de8d6451c3.93056912', 0, '2022-08-22 16:52:45', '', '', 0, ''),
(1035, 122, '6303de8d64c205.63201709', 0, '2022-08-22 16:52:45', '', '', 0, ''),
(1036, 122, '6303de8d652b67.38351233', 0, '2022-08-22 16:52:45', '', '', 0, ''),
(1037, 122, '6303de8d659579.24753603', 0, '2022-08-22 16:52:45', '', '', 0, ''),
(1038, 122, '6303de8d661c43.85478970', 0, '2022-08-22 16:52:45', '', '', 0, ''),
(1039, 122, '6303de8d669fc9.66401131', 0, '2022-08-22 16:52:45', '', '', 0, ''),
(1040, 122, '6303de8d6722d6.74176438', 0, '2022-08-22 16:52:45', '', '', 0, ''),
(1041, 122, '6303de8d67aee0.88043803', 0, '2022-08-22 16:52:45', '', '', 0, ''),
(1042, 122, '6303de8d682486.99991956', 0, '2022-08-22 16:52:45', '', '', 0, ''),
(1043, 122, '6303de8d688125.71403498', 0, '2022-08-22 16:52:45', '', '', 0, ''),
(1044, 122, '6303de8d68f974.66664361', 0, '2022-08-22 16:52:45', '', '', 0, ''),
(1045, 122, '6303de8d696f78.07213529', 0, '2022-08-22 16:52:45', '', '', 0, ''),
(1046, 122, '6303de8d69e444.75173527', 0, '2022-08-22 16:52:45', '', '', 0, ''),
(1047, 122, '6303de8d6a7028.32962412', 0, '2022-08-22 16:52:45', '', '', 0, ''),
(1048, 122, '6303de8d6af232.45314486', 0, '2022-08-22 16:52:45', '', '', 0, ''),
(1049, 122, '6303de8d6b6b81.10387962', 0, '2022-08-22 16:52:45', '', '', 0, ''),
(1050, 122, '6303de8d6bf434.21188122', 0, '2022-08-22 16:52:45', '', '', 0, ''),
(1051, 122, '6303de8d6c5606.85169056', 0, '2022-08-22 16:52:45', '', '', 0, ''),
(1052, 122, '6303de8d6cce59.38299388', 0, '2022-08-22 16:52:45', '', '', 0, ''),
(1053, 122, '6303de8d6d33a4.74820103', 0, '2022-08-22 16:52:45', '', '', 0, ''),
(1054, 122, '6303de8d6d9193.62835134', 0, '2022-08-22 16:52:45', '', '', 0, ''),
(1055, 122, '6303de8d6defa1.55965050', 0, '2022-08-22 16:52:45', '', '', 0, ''),
(1056, 122, '6303de8d6e5b66.03884629', 0, '2022-08-22 16:52:45', '', '', 0, ''),
(1057, 122, '6303de8d6eeca1.44619922', 0, '2022-08-22 16:52:45', '', '', 0, ''),
(1058, 122, '6303de8d6f6cc1.45282451', 0, '2022-08-22 16:52:45', '', '', 0, ''),
(1059, 122, '6303de8d6ffd81.42259287', 0, '2022-08-22 16:52:45', '', '', 0, ''),
(1060, 122, '6303de8d707212.05132551', 0, '2022-08-22 16:52:45', '', '', 0, ''),
(1061, 122, '6303de8d70e275.12916827', 0, '2022-08-22 16:52:45', '', '', 0, ''),
(1062, 122, '6303de8d714732.03529593', 0, '2022-08-22 16:52:45', '', '', 0, ''),
(1063, 122, '6303de8d71bec3.23438114', 0, '2022-08-22 16:52:45', '', '', 0, ''),
(1064, 122, '6303de8d723f65.34613427', 0, '2022-08-22 16:52:45', '', '', 0, ''),
(1065, 122, '6303de8d72cea2.18722377', 0, '2022-08-22 16:52:45', '', '', 0, ''),
(1066, 122, '6303de8d735584.88241700', 0, '2022-08-22 16:52:45', '', '', 0, ''),
(1067, 122, '6303de8d73dd62.17541116', 0, '2022-08-22 16:52:45', '', '', 0, ''),
(1068, 122, '6303de8d7456a4.03922153', 0, '2022-08-22 16:52:45', '', '', 0, ''),
(1069, 122, '6303de8d74e752.93685115', 0, '2022-08-22 16:52:45', '', '', 0, ''),
(1070, 122, '6303de8d755796.71261970', 0, '2022-08-22 16:52:45', '', '', 0, ''),
(1071, 122, '6303de8d75d308.92746597', 0, '2022-08-22 16:52:45', '', '', 0, ''),
(1072, 122, '6303de8d764643.62696555', 0, '2022-08-22 16:52:45', '', '', 0, ''),
(1073, 122, '6303de8d76c5d1.65224944', 0, '2022-08-22 16:52:45', '', '', 0, ''),
(1074, 122, '6303de8d775611.75636282', 0, '2022-08-22 16:52:45', '', '', 0, ''),
(1075, 122, '6303de8d77c650.38895996', 0, '2022-08-22 16:52:45', '', '', 0, ''),
(1076, 122, '6303de8d7858e4.24560326', 0, '2022-08-22 16:52:45', '', '', 0, ''),
(1077, 122, '6303de8d78b9c4.26792640', 0, '2022-08-22 16:52:45', '', '', 0, ''),
(1078, 122, '6303de8d792df8.05320832', 0, '2022-08-22 16:52:45', '', '', 0, ''),
(1079, 122, '6303de8d79b1d9.18946531', 0, '2022-08-22 16:52:45', '', '', 0, ''),
(1080, 122, '6303de8d7a2e46.70047237', 0, '2022-08-22 16:52:45', '', '', 0, ''),
(1081, 122, '6303de8d7a8e70.94724545', 0, '2022-08-22 16:52:45', '', '', 0, ''),
(1082, 122, '6303de8d7afd00.70990569', 0, '2022-08-22 16:52:45', '', '', 0, ''),
(1083, 122, '6303de8d7b68f7.00282684', 0, '2022-08-22 16:52:45', '', '', 0, ''),
(1084, 122, '6303de8d7bddb9.90782918', 0, '2022-08-22 16:52:45', '', '', 0, ''),
(1085, 122, '6303de8d7c5d18.31414123', 0, '2022-08-22 16:52:45', '', '', 0, ''),
(1086, 122, '6303de8d7cbd44.25804270', 0, '2022-08-22 16:52:45', '', '', 0, ''),
(1087, 122, '6303de8d7d1c57.49302172', 0, '2022-08-22 16:52:45', '', '', 0, ''),
(1088, 122, '6303de8d7d7478.47567398', 0, '2022-08-22 16:52:45', '', '', 0, ''),
(1089, 122, '6303de8d7de526.72649048', 0, '2022-08-22 16:52:45', '', '', 0, ''),
(1090, 122, '6303de8d821652.75507503', 0, '2022-08-22 16:52:45', '', '', 0, ''),
(1091, 123, '6303de8d829d04.87667118', 0, '2022-08-22 16:52:45', '', '', 0, ''),
(1092, 123, '6303de8d8302b9.32521599', 0, '2022-08-22 16:52:45', '', '', 0, ''),
(1093, 123, '6303de8d837880.13408678', 0, '2022-08-22 16:52:45', '', '', 0, ''),
(1094, 123, '6303de8d83de20.72589872', 0, '2022-08-22 16:52:45', '', '', 0, ''),
(1095, 123, '6303de8d8452b6.97149431', 0, '2022-08-22 16:52:45', '', '', 0, ''),
(1096, 123, '6303de8d84b873.10154152', 0, '2022-08-22 16:52:45', '', '', 0, ''),
(1097, 123, '6303de8d853a61.20248062', 0, '2022-08-22 16:52:45', '', '', 0, ''),
(1098, 123, '6303de8d85aee3.54741009', 0, '2022-08-22 16:52:45', '', '', 0, ''),
(1099, 123, '6303de8d862336.40682298', 0, '2022-08-22 16:52:45', '', '', 0, ''),
(1100, 123, '6303de8d868017.37029808', 0, '2022-08-22 16:52:45', '', '', 0, ''),
(1101, 123, '6303de8d86db38.60307499', 0, '2022-08-22 16:52:45', '', '', 0, ''),
(1102, 123, '6303de8d873b20.88179557', 0, '2022-08-22 16:52:45', '', '', 0, ''),
(1103, 123, '6303de8d8790f2.45595815', 0, '2022-08-22 16:52:45', '', '', 0, ''),
(1104, 123, '6303de8d880611.74881335', 0, '2022-08-22 16:52:45', '', '', 0, ''),
(1105, 123, '6303de8d887bc5.19090497', 0, '2022-08-22 16:52:45', '', '', 0, ''),
(1106, 123, '6303de8d88de27.64203365', 0, '2022-08-22 16:52:45', '', '', 0, ''),
(1107, 123, '6303de8d894611.49305170', 0, '2022-08-22 16:52:45', '', '', 0, ''),
(1108, 123, '6303de8d89bf37.34620968', 0, '2022-08-22 16:52:45', '', '', 0, ''),
(1109, 123, '6303de8d8a21b4.53842943', 0, '2022-08-22 16:52:45', '', '', 0, ''),
(1110, 123, '6303de8d8a9700.00194111', 0, '2022-08-22 16:52:45', '', '', 0, ''),
(1111, 123, '6303de8d8b09a7.41778297', 0, '2022-08-22 16:52:45', '', '', 0, ''),
(1112, 123, '6303de8d8b7799.44423945', 0, '2022-08-22 16:52:45', '', '', 0, ''),
(1113, 123, '6303de8d8bf514.50708138', 0, '2022-08-22 16:52:45', '', '', 0, ''),
(1114, 123, '6303de8d8c59c3.98505467', 0, '2022-08-22 16:52:45', '', '', 0, ''),
(1115, 123, '6303de8d8cc510.08846248', 0, '2022-08-22 16:52:45', '', '', 0, ''),
(1116, 123, '6303de8d8d3d52.24490783', 0, '2022-08-22 16:52:45', '', '', 0, ''),
(1117, 123, '6303de8d8dbe50.04815456', 0, '2022-08-22 16:52:45', '', '', 0, ''),
(1118, 123, '6303de8d8e2964.50393683', 0, '2022-08-22 16:52:45', '', '', 0, ''),
(1119, 123, '6303de8d8eab04.19659681', 0, '2022-08-22 16:52:45', '', '', 0, ''),
(1120, 123, '6303de8d8f2d64.15206881', 0, '2022-08-22 16:52:45', '', '', 0, ''),
(1121, 123, '6303de8d8fc713.58612051', 0, '2022-08-22 16:52:45', '', '', 0, ''),
(1122, 123, '6303de8d903958.21400788', 0, '2022-08-22 16:52:45', '', '', 0, ''),
(1123, 123, '6303de8d90ae28.93704133', 0, '2022-08-22 16:52:45', '', '', 0, ''),
(1124, 123, '6303de8d9122b2.67071736', 0, '2022-08-22 16:52:45', '', '', 0, ''),
(1125, 123, '6303de8d9195c6.77702231', 0, '2022-08-22 16:52:45', '', '', 0, ''),
(1126, 123, '6303de8d920b87.35593006', 0, '2022-08-22 16:52:45', '', '', 0, ''),
(1127, 123, '6303de8d927c41.35510367', 0, '2022-08-22 16:52:45', '', '', 0, ''),
(1128, 123, '6303de8d92ef51.49696063', 0, '2022-08-22 16:52:45', '', '', 0, ''),
(1129, 123, '6303de8d9359d9.66416627', 0, '2022-08-22 16:52:45', '', '', 0, ''),
(1130, 123, '6303de8d93cad0.09131904', 0, '2022-08-22 16:52:45', '', '', 0, ''),
(1131, 123, '6303de8d944f04.40541597', 0, '2022-08-22 16:52:45', '', '', 0, ''),
(1132, 123, '6303de8d94b947.13771769', 0, '2022-08-22 16:52:45', '', '', 0, ''),
(1133, 123, '6303de8d952944.54143399', 0, '2022-08-22 16:52:45', '', '', 0, ''),
(1134, 123, '6303de8d9591e8.19962467', 0, '2022-08-22 16:52:45', '', '', 0, ''),
(1135, 123, '6303de8d9608c3.96588930', 0, '2022-08-22 16:52:45', '', '', 0, ''),
(1136, 123, '6303de8d966aa9.83818557', 0, '2022-08-22 16:52:45', '', '', 0, ''),
(1137, 123, '6303de8d96e200.98423380', 0, '2022-08-22 16:52:45', '', '', 0, ''),
(1138, 123, '6303de8d975177.02775071', 0, '2022-08-22 16:52:45', '', '', 0, ''),
(1139, 123, '6303de8d97c006.13791404', 0, '2022-08-22 16:52:45', '', '', 0, ''),
(1140, 123, '6303de8d983257.74155995', 0, '2022-08-22 16:52:45', '', '', 0, ''),
(1141, 124, '6304d484526bb9.42397230', 0, '2022-08-23 10:22:12', '', '', 0, ''),
(1142, 124, '6304d48452f512.49993719', 0, '2022-08-23 10:22:12', '', '', 0, ''),
(1143, 124, '6304d4845354e2.14508700', 0, '2022-08-23 10:22:12', '', '', 0, ''),
(1144, 124, '6304d4845430c1.27594252', 0, '2022-08-23 10:22:12', '', '', 0, ''),
(1145, 124, '6304d48454d5c0.15705245', 0, '2022-08-23 10:22:12', '', '', 0, ''),
(1146, 124, '6304d484554f53.47758560', 0, '2022-08-23 10:22:12', '', '', 0, ''),
(1147, 124, '6304d48455ac04.28121498', 0, '2022-08-23 10:22:12', '', '', 0, ''),
(1148, 124, '6304d484562280.83741250', 0, '2022-08-23 10:22:12', '', '', 0, ''),
(1149, 124, '6304d4845692c7.18633375', 0, '2022-08-23 10:22:12', '', '', 0, ''),
(1150, 124, '6304d484570740.44995533', 0, '2022-08-23 10:22:12', '', '', 0, ''),
(1151, 124, '6304d484578706.86646824', 0, '2022-08-23 10:22:12', '', '', 0, ''),
(1152, 124, '6304d4845842e5.94479608', 0, '2022-08-23 10:22:12', '', '', 0, ''),
(1153, 124, '6304d48458ad16.04101699', 0, '2022-08-23 10:22:12', '', '', 0, ''),
(1154, 124, '6304d4845915c5.88348943', 0, '2022-08-23 10:22:12', '', '', 0, ''),
(1155, 124, '6304d484598be9.84555203', 0, '2022-08-23 10:22:12', '', '', 0, ''),
(1156, 124, '6304d4845a07e6.90311949', 0, '2022-08-23 10:22:12', '', '', 0, ''),
(1157, 124, '6304d4845a7804.28147446', 0, '2022-08-23 10:22:12', '', '', 0, ''),
(1158, 124, '6304d4845ae9f3.71727491', 0, '2022-08-23 10:22:12', '', '', 0, ''),
(1159, 124, '6304d4845b6622.82588709', 0, '2022-08-23 10:22:12', '', '', 0, ''),
(1160, 124, '6304d4845beb69.65835629', 0, '2022-08-23 10:22:12', '', '', 0, ''),
(1161, 125, '6304d4845c98a7.37608228', 0, '2022-08-23 10:22:12', '', '', 0, ''),
(1162, 125, '6304d4845d1901.83487819', 0, '2022-08-23 10:22:12', '', '', 0, ''),
(1163, 125, '6304d4845d90e1.45159394', 0, '2022-08-23 10:22:12', '', '', 0, ''),
(1164, 125, '6304d4845de7e8.57647308', 0, '2022-08-23 10:22:12', '', '', 0, ''),
(1165, 125, '6304d4845e52b2.38432743', 0, '2022-08-23 10:22:12', '', '', 0, ''),
(1166, 125, '6304d4845ec4d1.67199246', 0, '2022-08-23 10:22:12', '', '', 0, ''),
(1167, 125, '6304d4845f3fa2.06982169', 0, '2022-08-23 10:22:12', '', '', 0, ''),
(1168, 125, '6304d4845fbce7.56491345', 0, '2022-08-23 10:22:12', '', '', 0, ''),
(1169, 125, '6304d484603692.52222601', 0, '2022-08-23 10:22:12', '', '', 0, ''),
(1170, 125, '6304d48460b966.12881477', 0, '2022-08-23 10:22:12', '', '', 0, ''),
(1171, 125, '6304d484612747.57771048', 0, '2022-08-23 10:22:12', '', '', 0, ''),
(1172, 125, '6304d4846196c4.10469304', 0, '2022-08-23 10:22:12', '', '', 0, ''),
(1173, 125, '6304d484620546.38161786', 0, '2022-08-23 10:22:12', '', '', 0, ''),
(1174, 125, '6304d484626e20.21161680', 0, '2022-08-23 10:22:12', '', '', 0, ''),
(1175, 125, '6304d48462dd17.02578829', 0, '2022-08-23 10:22:12', '', '', 0, ''),
(1176, 125, '6304d4846353b2.16169222', 0, '2022-08-23 10:22:12', '', '', 0, ''),
(1177, 125, '6304d48463ca27.37876826', 0, '2022-08-23 10:22:12', '', '', 0, ''),
(1178, 125, '6304d484647552.97110112', 0, '2022-08-23 10:22:12', '', '', 0, ''),
(1179, 125, '6304d48464f3a3.98314392', 0, '2022-08-23 10:22:12', '', '', 0, ''),
(1180, 125, '6304d484655075.16564801', 0, '2022-08-23 10:22:12', '', '', 0, '');

-- --------------------------------------------------------

--
-- Estructura de tabla para la tabla `eventos`
--

CREATE TABLE IF NOT EXISTS `eventos` (
  `id` bigint(20) NOT NULL AUTO_INCREMENT,
  `titulo` varchar(1024) NOT NULL,
  `descripcion` text NOT NULL,
  `fecha` varchar(10) NOT NULL,
  `hora` varchar(6) NOT NULL,
  `lugar` varchar(1024) NOT NULL,
  `direccion` varchar(1024) NOT NULL,
  `imgmain` varchar(1024) NOT NULL,
  `imgsec` varchar(1024) NOT NULL,
  `aprobada` tinyint(4) NOT NULL,
  `idprop` bigint(20) NOT NULL,
  `fechafinventa` varchar(10) NOT NULL,
  `horafinventa` varchar(10) NOT NULL,
  `fechaaprobacion` varchar(20) NOT NULL,
  `portada` tinyint(4) NOT NULL,
  `detalles` text NOT NULL,
  PRIMARY KEY (`id`),
  KEY `idprop` (`idprop`),
  KEY `portada` (`portada`)
) ENGINE=MyISAM  DEFAULT CHARSET=latin1 AUTO_INCREMENT=6 ;

--
-- Volcado de datos para la tabla `eventos`
--

INSERT INTO `eventos` (`id`, `titulo`, `descripcion`, `fecha`, `hora`, `lugar`, `direccion`, `imgmain`, `imgsec`, `aprobada`, `idprop`, `fechafinventa`, `horafinventa`, `fechaaprobacion`, `portada`, `detalles`) VALUES
(1, 'Dua Lipa in Concert!ñ', 'Use Bootstrap''s JavaScript modal plugin to add dialogs to your site for lightboxes, user notifications, or completely custom content. ñ', '2022-11-30', '22:00', 'Club Alvear ñ', 'Avda. Centenario 5487 ñññ', '2022-09-12-472409.jpg', '2022-08-13-435110.png', 1, 4, '2022-07-30', '20:00', '2022-08-22 10:50:54', 1, 'Lorem ipsúm dolor sit amet, expetendís delicatissimi te sit, ferri dolorem suávitate his ad. Quí éu ádmodum menandri. Dolórem eligeñdi vix ea, éi nostrum delectus eos, ñam veniam libris at. Latine eligendi ne vel, vulputate neglegentur úsu át. Amet euripídis ád éum, pér quando praesént tes.'),
(2, 'Gran Evento Gran', 'Lorém ipsum dolór sit amet, nullam erroribus nam éi, ei probo oratio atomorum seá. Eí fálli commodo nonumes pri, omnes vitae adversarium ét pró', '2022-11-22', '22:00', 'Club Alvear ñ', 'Avda. Centenario 5487 ñ', '2022-08-13-231945.png', '2022-08-13-750033.jpg', 1, 4, '', '', '2022-08-22 11:01:58', 1, 'Repudiare disséntias meí ñe, ad íus hábeo diceret moderatius. Vim posteá corporá ea. Eum ad ímpedit volumus corrumpít, ex semper corrumpít nám. Mea choro meñtitum ex. Pri in falli iisqúe. Ut rideñs erúditi tibique nam, duo homero fastidii detracto an.\n'),
(3, 'In nam vero pondérum réformidanssss', 'Assentiór persecuti per te, éa vel fabulas honestatis contentiones. ', '2022-11-22', '13:15', 'Club Alvear', 'Avda. Centenario 5487', '2022-08-22-444915.jpg', '2022-08-22-105273.gif', 1, 4, '', '', '2022-08-22 10:49:04', 0, 'An hás paúlo phaedrum, expetendis vituperatoribús et vis. Has te accumsan similiqué. Vix et quot verterem, iriure regione euripidis eúm cu. Iñ meá nostrum tractatós ínteresset. Et esse ferri philosophía sít, iñ quo iúdico nemore meliore. Líber tritani volumus eam id.'),
(4, 'Lorem ipsum dólor sit amet, id sénsibus quaéreñdum', 'Sed et esse causae epicurei. Purto illud errém et quó. Ne omnis temporibus vix, est cu autém pérfecto conceptam, cúm an útroque invenire. ', '2022-11-23', '22:00', 'Corrientes, Capital', 'Avda. Siempre Viva 5000', '2022-08-22-713009.jpeg', '2022-08-22-333679.jpg', 1, 4, '', '', '2022-08-22 11:09:55', 0, 'Ornatus dispútationi éa his, te fabúlas oportere méi, éx vél oratío témpor tractátos. Et alterá labore inimicús vím. Habeo coñsulatu maiéstatis ut est, posse dicít graecis ut usu. Vis alíenum honestatis ut, ei nec nihil lobortis cotidiequé. At prí iudico vivendo péricula, ex per legimus péricula.\r\n\r\nNusquam récusabo pér té, ño mea prima vivendum. Mei án equidem cónclusionemque, éu eos íñdoctum recteque. Ut mel appetére mediocritatem. An énim timéam aliquid méa, ei mei ignota percípit, sea nulla periculis moderatius éa.'),
(5, 'Nám tatión voluptaria iñ, eám', 'No quém débitis delicatissimi cum, eu vim prómpta miñímum, mei et igñotá nemore.', '2022-11-23', '18:00', 'Club Alvear ñ', 'Avda. Centenario 5487', '2022-08-22-613253.jpg', '2022-08-22-935290.jpg', 1, 4, '', '', '2022-08-22 16:52:44', 0, 'Nám tatión voluptaria iñ, eám ex graecis constituto honestatis, id justo átomorum dignissim usu. Justo quidam vocibus ea vix, est eripuit ántiopam in. Sea né simúl moderatius. Víx ut suscipit moderatius cotidieque. No quém débitis delicatissimi cum, eu vim prómpta miñímum, mei et igñotá nemore.\r\n\r\nEst deléñit sensibus ne, nonúmy óptioñ posidonium ño eam. Ius cu quot utinam intellegébat, ñostro postulant mnesarchum vix éi. Id purtó vide vim, regione noluísse postulant et est. Ea eos ornátus consequat, te vel vocibus reformidans, vix delenit alienum lucilius ñe. Euismod offíciis reprehéñdunt ea meí, ín vis tímeam verterem eléctram.');

-- --------------------------------------------------------

--
-- Estructura de tabla para la tabla `evento_oradores`
--

CREATE TABLE IF NOT EXISTS `evento_oradores` (
  `id` bigint(20) NOT NULL AUTO_INCREMENT,
  `nombre` varchar(256) NOT NULL,
  `profesion` varchar(100) NOT NULL,
  `idevento` bigint(20) NOT NULL,
  `aprobada` tinyint(4) NOT NULL,
  `imagen` varchar(50) NOT NULL,
  `facebook` varchar(255) NOT NULL,
  `instagram` varchar(255) NOT NULL,
  `pinterest` varchar(255) NOT NULL,
  `google` varchar(255) NOT NULL,
  PRIMARY KEY (`id`),
  KEY `idevento` (`idevento`),
  KEY `aprobada` (`aprobada`)
) ENGINE=MyISAM  DEFAULT CHARSET=latin1 AUTO_INCREMENT=5 ;

--
-- Volcado de datos para la tabla `evento_oradores`
--

INSERT INTO `evento_oradores` (`id`, `nombre`, `profesion`, `idevento`, `aprobada`, `imagen`, `facebook`, `instagram`, `pinterest`, `google`) VALUES
(1, 'Dario Gómez', 'Ingenieró', 1, 1, '2022-09-12-995715.png', 'dd', 'kk', 'ff', 'll'),
(2, 'ñoñoñoñoñoño', 'ñññññññ', 1, 0, '2022-09-12-409402.png', '55', '66', '11', '22'),
(3, 'ñañañañañ', 'ñpñpñpñppñ', 1, 0, '2022-09-12-512371.png', '22', '33', '44', '55'),
(4, 'gggg', 'ñññññ', 1, 0, '2022-09-12-633084.png', 'ss', 'dd', 'dd', 'ggg2');

-- --------------------------------------------------------

--
-- Estructura de tabla para la tabla `evento_plateas`
--

CREATE TABLE IF NOT EXISTS `evento_plateas` (
  `id` bigint(20) NOT NULL AUTO_INCREMENT,
  `nombre` varchar(256) NOT NULL,
  `cantidad` bigint(20) NOT NULL,
  `precio` decimal(10,2) NOT NULL,
  `idevento` bigint(20) NOT NULL,
  `aprobada` tinyint(4) NOT NULL,
  PRIMARY KEY (`id`),
  KEY `idevento` (`idevento`),
  KEY `aprobada` (`aprobada`)
) ENGINE=MyISAM  DEFAULT CHARSET=latin1 AUTO_INCREMENT=126 ;

--
-- Volcado de datos para la tabla `evento_plateas`
--

INSERT INTO `evento_plateas` (`id`, `nombre`, `cantidad`, `precio`, `idevento`, `aprobada`) VALUES
(72, 'Platea 2', 150, '3500.00', 2, 1),
(71, 'Platea 11', 200, '2500.00', 2, 1),
(98, 'Especial ñ', 200, '2000.00', 1, 1),
(97, 'Pullman', 250, '2500.00', 1, 1),
(118, 'Nueva Platea ñ', 50, '560.00', 1, 1),
(117, 'Otra más', 5, '20000.00', 1, 1),
(115, 'Negocios', 10, '10005.00', 1, 1),
(120, 'Platea 1', 100, '25.00', 4, 1),
(121, 'Platea 2', 25, '40.00', 4, 1),
(119, 'Platea 1', 1000, '15.00', 3, 1),
(122, 'Platea 1', 100, '50.00', 5, 1),
(123, 'Platea 11', 50, '12.00', 5, 1),
(124, 'Nueva platea VIP', 20, '120.00', 1, 1),
(125, 'Otra más New', 20, '80.00', 1, 1);

-- --------------------------------------------------------

--
-- Estructura de tabla para la tabla `personas`
--

CREATE TABLE IF NOT EXISTS `personas` (
  `id` bigint(20) NOT NULL AUTO_INCREMENT,
  `nombre` varchar(255) NOT NULL,
  `apellido` varchar(50) NOT NULL,
  `telefono` varchar(255) NOT NULL,
  `email` varchar(255) NOT NULL,
  `nacionalidad` varchar(255) NOT NULL,
  `dni` varchar(255) NOT NULL,
  `cuil` varchar(20) NOT NULL,
  `hash` varchar(32) NOT NULL,
  `validado` int(11) NOT NULL,
  `activo` int(11) NOT NULL,
  `sms` varchar(4) NOT NULL,
  `validadosms` int(11) NOT NULL,
  `pass` varchar(50) NOT NULL,
  `rp` int(11) NOT NULL DEFAULT '0',
  `timetohash` varchar(20) NOT NULL,
  `ocupacion` text NOT NULL,
  `descripcion` text NOT NULL,
  `domicilio` varchar(1024) NOT NULL,
  `organizador` int(11) NOT NULL,
  PRIMARY KEY (`id`),
  UNIQUE KEY `email` (`email`),
  KEY `ix` (`sms`),
  KEY `validadosms` (`validadosms`),
  KEY `pass` (`pass`),
  KEY `rp` (`rp`),
  KEY `timetohash` (`timetohash`),
  KEY `organizador` (`organizador`)
) ENGINE=MyISAM  DEFAULT CHARSET=latin1 AUTO_INCREMENT=6 ;

--
-- Volcado de datos para la tabla `personas`
--

INSERT INTO `personas` (`id`, `nombre`, `apellido`, `telefono`, `email`, `nacionalidad`, `dni`, `cuil`, `hash`, `validado`, `activo`, `sms`, `validadosms`, `pass`, `rp`, `timetohash`, `ocupacion`, `descripcion`, `domicilio`, `organizador`) VALUES
(1, 'Viviana Gómez', '', '54644645', 'lic.diego.arce2@gmail.com', '', '', '', '', 0, 1, '', 0, 'd41d8cd98f00b204e9800998ecf8427e', 0, '2022-06-15 12:03:49', '', '', '', 0),
(2, 'Diego García', '', '46465654', 'lic.diego.arce1@gmail.com', '', '', '', '', 0, 1, '', 0, 'd41d8cd98f00b204e9800998ecf8427e', 0, '2022-06-15 17:50:49', '', '', '', 1),
(4, 'Diego García ñññ', '', '4646565410', 'lic.diego.arce@gmail.com', '', '', '', '8558784440904e531c809fcf33b9b7b7', 0, 1, '', 0, '329ee08c68907ffffac36415cbb6a05f', 0, '2022-06-15 17:58:26', '', '', '', 1),
(5, 'Diego Arce', '', '3794399302', 'diego@ideasbinarias.com', '', '', '', '', 0, 1, '', 0, 'd41d8cd98f00b204e9800998ecf8427e', 0, '2022-09-21 14:51:23', '', '', '', 0);

/*!40101 SET CHARACTER_SET_CLIENT=@OLD_CHARACTER_SET_CLIENT */;
/*!40101 SET CHARACTER_SET_RESULTS=@OLD_CHARACTER_SET_RESULTS */;
/*!40101 SET COLLATION_CONNECTION=@OLD_COLLATION_CONNECTION */;
